-- MySQL Administrator dump 1.4
--
-- ------------------------------------------------------
-- Server version	5.1.59-community


/*!40101 SET @OLD_CHARACTER_SET_CLIENT=@@CHARACTER_SET_CLIENT */;
/*!40101 SET @OLD_CHARACTER_SET_RESULTS=@@CHARACTER_SET_RESULTS */;
/*!40101 SET @OLD_COLLATION_CONNECTION=@@COLLATION_CONNECTION */;
/*!40101 SET NAMES utf8 */;

/*!40014 SET @OLD_UNIQUE_CHECKS=@@UNIQUE_CHECKS, UNIQUE_CHECKS=0 */;
/*!40014 SET @OLD_FOREIGN_KEY_CHECKS=@@FOREIGN_KEY_CHECKS, FOREIGN_KEY_CHECKS=0 */;
/*!40101 SET @OLD_SQL_MODE=@@SQL_MODE, SQL_MODE='NO_AUTO_VALUE_ON_ZERO' */;


--
-- Create schema escoteologiadb
--

CREATE DATABASE IF NOT EXISTS escoteologiadb;
USE escoteologiadb;

--
-- Definition of table `ano_lectivo`
--

DROP TABLE IF EXISTS `ano_lectivo`;
CREATE TABLE `ano_lectivo` (
  `pk_ano_lectivo` int(11) NOT NULL AUTO_INCREMENT,
  `designacao` varchar(45) DEFAULT NULL,
  PRIMARY KEY (`pk_ano_lectivo`)
) ENGINE=InnoDB AUTO_INCREMENT=2 DEFAULT CHARSET=utf8;

--
-- Dumping data for table `ano_lectivo`
--

/*!40000 ALTER TABLE `ano_lectivo` DISABLE KEYS */;
INSERT INTO `ano_lectivo` (`pk_ano_lectivo`,`designacao`) VALUES 
 (1,'2018');
/*!40000 ALTER TABLE `ano_lectivo` ENABLE KEYS */;


--
-- Definition of table `classe`
--

DROP TABLE IF EXISTS `classe`;
CREATE TABLE `classe` (
  `pk_classe` int(11) NOT NULL AUTO_INCREMENT,
  `designacao` varchar(45) DEFAULT NULL,
  PRIMARY KEY (`pk_classe`)
) ENGINE=InnoDB AUTO_INCREMENT=4 DEFAULT CHARSET=utf8;

--
-- Dumping data for table `classe`
--

/*!40000 ALTER TABLE `classe` DISABLE KEYS */;
INSERT INTO `classe` (`pk_classe`,`designacao`) VALUES 
 (1,'1ª'),
 (2,'2ª'),
 (3,'XCG');
/*!40000 ALTER TABLE `classe` ENABLE KEYS */;


--
-- Definition of table `confirmacao_matricula`
--

DROP TABLE IF EXISTS `confirmacao_matricula`;
CREATE TABLE `confirmacao_matricula` (
  `pk_confirmacao_matricula` int(11) NOT NULL AUTO_INCREMENT,
  `data` date DEFAULT NULL,
  `hora` time DEFAULT NULL,
  `fk_estudante` int(11) NOT NULL,
  `fk_turma` int(11) NOT NULL,
  `fk_usuario` int(11) NOT NULL,
  `fk_preco_confirmacao` int(11) NOT NULL,
  `fk_tipo_confirmacao` int(11) NOT NULL,
  PRIMARY KEY (`pk_confirmacao_matricula`) USING BTREE,
  KEY `fk_confirmacao_matriucla_estudante1_idx` (`fk_estudante`),
  KEY `fk_confirmacao_matriucla_turma1_idx` (`fk_turma`),
  KEY `fk_confirmacao_matriucla_usuario1_idx` (`fk_usuario`),
  KEY `fk_confirmacao_matriucla_preco_confirmacao1_idx` (`fk_preco_confirmacao`),
  KEY `fk_confirmacao_matriucla_tipo_confirmacao1_idx` (`fk_tipo_confirmacao`) USING BTREE,
  CONSTRAINT `FK_estudante` FOREIGN KEY (`fk_estudante`) REFERENCES `estudante` (`pk_estudante`) ON DELETE NO ACTION ON UPDATE NO ACTION,
  CONSTRAINT `FK_preco_confirmacao` FOREIGN KEY (`fk_preco_confirmacao`) REFERENCES `preco_confirmacao` (`pk_preco_confirmacao`) ON DELETE NO ACTION ON UPDATE NO ACTION,
  CONSTRAINT `FK_tipo_confirmacao` FOREIGN KEY (`fk_tipo_confirmacao`) REFERENCES `tipo_confirmacao` (`pk_tipo_confirmacao`) ON DELETE NO ACTION ON UPDATE NO ACTION,
  CONSTRAINT `FK_turma` FOREIGN KEY (`fk_turma`) REFERENCES `turma` (`pk_turma`) ON DELETE NO ACTION ON UPDATE NO ACTION,
  CONSTRAINT `FK_usuario` FOREIGN KEY (`fk_usuario`) REFERENCES `usuario` (`pk_usuario`) ON DELETE NO ACTION ON UPDATE NO ACTION
) ENGINE=InnoDB AUTO_INCREMENT=3 DEFAULT CHARSET=utf8;

--
-- Dumping data for table `confirmacao_matricula`
--

/*!40000 ALTER TABLE `confirmacao_matricula` DISABLE KEYS */;
INSERT INTO `confirmacao_matricula` (`pk_confirmacao_matricula`,`data`,`hora`,`fk_estudante`,`fk_turma`,`fk_usuario`,`fk_preco_confirmacao`,`fk_tipo_confirmacao`) VALUES 
 (1,'2018-06-02','09:08:24',4,6,1,4,2),
 (2,'2018-06-15','10:40:46',3,6,1,4,2);
/*!40000 ALTER TABLE `confirmacao_matricula` ENABLE KEYS */;


--
-- Definition of table `curso`
--

DROP TABLE IF EXISTS `curso`;
CREATE TABLE `curso` (
  `pk_curso` int(11) NOT NULL AUTO_INCREMENT,
  `designacao` varchar(100) DEFAULT NULL,
  PRIMARY KEY (`pk_curso`)
) ENGINE=InnoDB AUTO_INCREMENT=4 DEFAULT CHARSET=utf8;

--
-- Dumping data for table `curso`
--

/*!40000 ALTER TABLE `curso` DISABLE KEYS */;
INSERT INTO `curso` (`pk_curso`,`designacao`) VALUES 
 (3,'Informatica');
/*!40000 ALTER TABLE `curso` ENABLE KEYS */;


--
-- Definition of table `disciplina`
--

DROP TABLE IF EXISTS `disciplina`;
CREATE TABLE `disciplina` (
  `pk_disciplina` int(11) NOT NULL AUTO_INCREMENT,
  `designacao` varchar(100) DEFAULT NULL,
  `fk_professor` int(11) NOT NULL,
  PRIMARY KEY (`pk_disciplina`),
  KEY `fk_disciplina_professor_idx` (`fk_professor`),
  CONSTRAINT `FK_professor` FOREIGN KEY (`fk_professor`) REFERENCES `professor` (`pk_professor`) ON DELETE NO ACTION ON UPDATE NO ACTION
) ENGINE=InnoDB AUTO_INCREMENT=4 DEFAULT CHARSET=utf8;

--
-- Dumping data for table `disciplina`
--

/*!40000 ALTER TABLE `disciplina` DISABLE KEYS */;
INSERT INTO `disciplina` (`pk_disciplina`,`designacao`,`fk_professor`) VALUES 
 (1,'PORTUGUÊS',0),
 (2,'INGLÊS',0),
 (3,'TEOLOGIA',0);
/*!40000 ALTER TABLE `disciplina` ENABLE KEYS */;


--
-- Definition of table `estadocivil`
--

DROP TABLE IF EXISTS `estadocivil`;
CREATE TABLE `estadocivil` (
  `pk_estadocivil` int(11) NOT NULL AUTO_INCREMENT,
  `designacao` varchar(45) DEFAULT NULL,
  PRIMARY KEY (`pk_estadocivil`)
) ENGINE=InnoDB AUTO_INCREMENT=4 DEFAULT CHARSET=latin1;

--
-- Dumping data for table `estadocivil`
--

/*!40000 ALTER TABLE `estadocivil` DISABLE KEYS */;
INSERT INTO `estadocivil` (`pk_estadocivil`,`designacao`) VALUES 
 (1,'Casado(a)'),
 (2,'Divorciado(a)'),
 (3,'Solteiro(a)');
/*!40000 ALTER TABLE `estadocivil` ENABLE KEYS */;


--
-- Definition of table `estudante`
--

DROP TABLE IF EXISTS `estudante`;
CREATE TABLE `estudante` (
  `pk_estudante` int(11) NOT NULL AUTO_INCREMENT,
  `nome_completo` varchar(250) DEFAULT NULL,
  `data_nascimento` date DEFAULT NULL,
  `telefone` varchar(45) DEFAULT NULL,
  `email` varchar(100) DEFAULT NULL,
  `endereco` varchar(100) DEFAULT NULL,
  `nbi` varchar(100) DEFAULT NULL,
  `foto` blob,
  `fk_sexo` int(11) NOT NULL,
  `naturalidade` varchar(100) DEFAULT NULL,
  `nomePai` varchar(45) DEFAULT NULL,
  `nomeMae` varchar(45) DEFAULT NULL,
  `nomEsposa` varchar(45) DEFAULT NULL,
  `nomeFilhos` varchar(300) DEFAULT NULL,
  `fk_igreja` int(11) NOT NULL,
  `fk_funcao` int(11) NOT NULL,
  `fk_habliteraria` int(11) NOT NULL,
  `fk_habprofissional` int(11) NOT NULL,
  `fk_estadocivil` int(11) NOT NULL,
  `outrosCursos` varchar(200) DEFAULT NULL,
  `dirigenteIgrejaLocal` varchar(45) DEFAULT NULL,
  `dataEntradaIgreja` datetime DEFAULT NULL,
  PRIMARY KEY (`pk_estudante`),
  KEY `fk_sexo_estudande` (`fk_sexo`),
  KEY `fk_igreja_estudande` (`fk_igreja`),
  KEY `fk_funcao_estudande` (`fk_funcao`),
  KEY `fk_habliteraria_estudande` (`fk_habliteraria`),
  KEY `fk_habprofissional_estudande` (`fk_habprofissional`),
  KEY `fk_estadocivil_estudande` (`fk_estadocivil`),
  CONSTRAINT `fk_estadocivil_estudande` FOREIGN KEY (`fk_estadocivil`) REFERENCES `estadocivil` (`pk_estadocivil`) ON DELETE NO ACTION ON UPDATE NO ACTION,
  CONSTRAINT `fk_funcao_estudande` FOREIGN KEY (`fk_funcao`) REFERENCES `funcao` (`pk_funcao`) ON DELETE NO ACTION ON UPDATE NO ACTION,
  CONSTRAINT `fk_habliteraria_estudande` FOREIGN KEY (`fk_habliteraria`) REFERENCES `habliteraria` (`pk_habliteraria`) ON DELETE NO ACTION ON UPDATE NO ACTION,
  CONSTRAINT `fk_habprofissional_estudande` FOREIGN KEY (`fk_habprofissional`) REFERENCES `habprofissional` (`pk_habprofissional`) ON DELETE NO ACTION ON UPDATE NO ACTION,
  CONSTRAINT `fk_igreja_estudande` FOREIGN KEY (`fk_igreja`) REFERENCES `igreja` (`pk_igreja`) ON DELETE NO ACTION ON UPDATE NO ACTION,
  CONSTRAINT `fk_sexo_estudande` FOREIGN KEY (`fk_sexo`) REFERENCES `sexo` (`pk_sexo`) ON DELETE NO ACTION ON UPDATE NO ACTION
) ENGINE=InnoDB AUTO_INCREMENT=7 DEFAULT CHARSET=utf8;

--
-- Dumping data for table `estudante`
--

/*!40000 ALTER TABLE `estudante` DISABLE KEYS */;
INSERT INTO `estudante` (`pk_estudante`,`nome_completo`,`data_nascimento`,`telefone`,`email`,`endereco`,`nbi`,`foto`,`fk_sexo`,`naturalidade`,`nomePai`,`nomeMae`,`nomEsposa`,`nomeFilhos`,`fk_igreja`,`fk_funcao`,`fk_habliteraria`,`fk_habprofissional`,`fk_estadocivil`,`outrosCursos`,`dirigenteIgrejaLocal`,`dataEntradaIgreja`) VALUES 
 (1,'Necia Morais Caculo','2018-05-16','923456789','caculita2008@hotmail.com','Luanda','46576879685746g',0xFFD8FFE000104A46494600010200000100010000FFDB004300080606070605080707070909080A0C140D0C0B0B0C1912130F141D1A1F1E1D1A1C1C20242E2720222C231C1C2837292C30313434341F27393D38323C2E333432FFDB0043010909090C0B0C180D0D1832211C213232323232323232323232323232323232323232323232323232323232323232323232323232323232323232323232323232FFC000110802B9064003012200021101031101FFC4001F0000010501010101010100000000000000000102030405060708090A0BFFC400B5100002010303020403050504040000017D01020300041105122131410613516107227114328191A1082342B1C11552D1F02433627282090A161718191A25262728292A3435363738393A434445464748494A535455565758595A636465666768696A737475767778797A838485868788898A92939495969798999AA2A3A4A5A6A7A8A9AAB2B3B4B5B6B7B8B9BAC2C3C4C5C6C7C8C9CAD2D3D4D5D6D7D8D9DAE1E2E3E4E5E6E7E8E9EAF1F2F3F4F5F6F7F8F9FAFFC4001F0100030101010101010101010000000000000102030405060708090A0BFFC400B51100020102040403040705040400010277000102031104052131061241510761711322328108144291A1B1C109233352F0156272D10A162434E125F11718191A262728292A35363738393A434445464748494A535455565758595A636465666768696A737475767778797A82838485868788898A92939495969798999AA2A3A4A5A6A7A8A9AAB2B3B4B5B6B7B8B9BAC2C3C4C5C6C7C8C9CAD2D3D4D5D6D7D8D9DAE2E3E4E5E6E7E8E9EAF2F3F4F5F6F7F8F9FAFFDA000C03010002110311003F00F5614EA1696BACE30A29D450031A9B4E6A6D300A434B494011B5253E9BB6A89222B51B2D582B5132D111488B6D3B14BB68DB54030AD30AD4ACB4DDB40116DA6EDA9F6D1B68E62794836526CAB1B68D94F98394AFB76D2EEA9765214A092266A88B54AC94C64AA4040EF55DD99AAC3254452AC92BD0AD4F64A4DB4C0556A951AA255A951690C9D6A64A852A64A863274A945449530A89171255A72D3556A5152500A762942D3B6D414376D1B69FB68DB40C8D969BB6A5DB4DDB47300CDB46DA976D1B68E60E518169EAB4A16A40B4839402D1B69E169D8A9288F6D1B6A5DB46DA39808B6D3B6D3F6D3B6D1CC3B0CA053F6D2EDA0065396976D3B6D480DA61A795A4DB4011535AA5DB498AA0E522A55A93651B2800A2942D3B6D00329A56A5DB46DA00836D0CBF2D4FB69BB7E5A398394876D376D4F8A31473072906CA3654F8A31473072906CA694AB38A695A3985CA552946CA9F6D1B29F307295F65284A9F652ECA398394882549B29FB69C16907291EDA429536DA3654DC7CA57D94DD956B651B2AB98394ABB293655AD946CA398394ABB29BB2AD6CA6ECA7CC2E52B32537655AD94D64A398394A852A265ABAC95114AAE62794AA5299B2AD6CA6ECA77158AFB28D9536CA76CA2E1621D946CAB1B28D945C2C57D946CAB1B29BB28B858AFB29BB2AD6CA6ECA2E162B6DA6EDAB4C94C64AAE62794AC569856AD14A615AAE62794AECB51B2D582B51B2D31103532A665A88AD001BA9CAD4CA55A00B28D53255546AB09401652A45A8D2A64A82C705A5DB4E0B4EC54DCA23DB49B6A5C518A2E045B6976D498A5DB4B980605A9516942D395681D836D3B6D3F6D3B1505116DA36D4B8A31473072916DA5DB5262976D01CA329C2976D3B6D03E51B4EA36D2EDA90186986A565A6EDA0089A9953E29BB6A84454E5A7ECA36D001453F6D3B6D0322A6EDA976D1B680E521DB46DA9B6D453B2A44CC68E60E532B52B8D89B07F1552B7AAF733F9F74CDFC356A1AF2F11539E67A987A5C902C0A75368AE73A06BD54952ADB54322D0544CF7F96A267F9AAC4CB54A4A9E61932B5482A9ABEDA9D1EAC097146CA50D4FAAE50E623C546CB561AA17A394398A9327CB5937295AF335655CD49A4646648BF3540C9569D7E6A8D96817315C255A853E6A8B6D5A86B433917EDA2ADBB3B3DECBF2D66D826F755AECEC2CF644AC56B7A30BB396B55E4891C36BB12A465AB6529852BD18FBA8F2A7EF32A94A66CAB4529BB2AEE458AFB29DB2A6D946CA2E1621D946CAB1B28D945C2C57D94DD956B653765170B15F6537655AD94DD945C2C56DB4DDB560A52325573125565A695AB0C94C65AAE62794AE569856AC32D3196988ACD4C35395A8996801869B4F34CAA2470A5A60A78A007D3969AB522D002AAD3B6D0169D41418A2968A004C514BB68DB4126E2D3E9AB4E5AE73A029D45141446D494F6A6EDA09136D1B69F4D2B4088F14629F4530222B5132D4E6A22B5512644746DA75154219B68DB4FDB46DA9019B6976D3B6D3A8191EDA3654BB68DB40116CA464AB1B69BB68E60E52B3254452ADB2D3192AB989E52814A8992AEB253192AEE458A4C94CD956CA527954F985CA55D94F55A9FCAA51151CC1CA302D4C8B404A902547317CA2AD4E95105A9569144AB528A896A5159B287D3D69AB4EA928751B69568A0AE519B68DB4EA2801BB69DB6976D382D003556A40B405A7AAD48C156976D39569DB6A4A23DB4EDB4EA5DB400CDB4EDB4BB69DB6A42C376D1B6A4C518A63E523DB46DA976D1B69072916DA66DA9D969A5680E522DB4DDB52D2355088B6D2D145000B52546B4EA0028A29B40051450D40094514DA007514DA2801D4D34521A006D3B14DA70A09176D3B6D0B4FDB41431569EAB4EDB4AAB4804DB46DA97146290F948B6D1B6A5C5376D01CA45B68DB52EDA36D3E60E520DB46DA976D1B680E521DB4D2953EDA6B2D3115592A22957196A065AAE62794876537654FB682B4F985CA41B28D953EDA36D1CC1CA45B28D9536DA36D2E60E52BECA4C559D949B69F307295F14DDB5315A4D94C394836D336D582B498A64958A530A55A2B4C2B4730AC55295132D5B2B50BAD5F312552B5095AB6EB50BAD508ACD454856A3A649225584AAEB5612914584AB0955D2AC254C8712714FDB4D4A7EDA82C4DB46DA7D1B6914376D39569DB6955680055A902D0169EAB5231A169DB69FB68DB520376D1B6A4A36D00376D1B69FB69DB682866DA36D3F6D3B14808B6D1B6A5C518A4041B69BB6A72B4CDB4011EDA4DB52D46D54026DA28A2801569D4DA2801D4C76545DCD4A5B6AF359D7771BFE515518F3132958A1AA6BDF65DDB16B9A9BC5135E3B213B56B4F52B5F351AB90BBB56B79B70A8C445A87BA6F86E572D4E92D1F7FCD5AB0FDDAE774D9F72AAD7456EDB96BC63D7658A6D3A98D4121BAA37A7535A802B4AB54265AD092A94D5322E2512DB5A9525DB448B50EEDB4A3228BA93D5859EB2B7EDA559F6D691913CA6B33D56925AA5F6AA8DEEAB41134AF59F70D4AF3FFB55526969728730C66A69A85A5A37EEAAE50E6177558B7F99AA28ADDDDBEED6A5AD9ED65A08B9B9A1DBEF9558AD76B145B6255AC2D06DF6EDF96BA5DBF2D76E1D6879F897765764A88A55A2B5132D74F31C843B29BB2AC6DA4DB4730B9483651B2A7DB46DA3983948B651B2AC6DA36D1CC1CA57D94D2B56365215A7CC1CA57C5376D58D94CD947307295CAD3596AC15A4C55125564A63255965A632D1CC2B15592A22B57196A065ABE624ACCB5032D5B75A84AD508AECB4C65A999698CB4C9194A28DB4E5AA2455A9169AB4F5A009053F6D342D3EA4A128A5DB46DA0036D14EDB46DAA24DAA75369D5CE740B453A8A450CA2959692800A6D3E928023DB494FA6D32461A89AA76A88D310CA2968AA244A2976D1B68012969D454800A75029682836D1B69D450044569856A634C34124056A365AB14DDB54057D94DD95636D1B68E6279487653B654DB29DB28E62B9483651B6A7DB46DA9B872916DA7AD1B68A2E03D6A415152AB52289D69EB5086A7AB52192D2D315A9DBAA4B168A4A55A0075385369C2801EB4F5A62D2AD494494B494B5203B6D3AA3A76EA0A1D4A2928A007D14DA2818EA5A4A375000D4C34A6985A810D6A63538B544CD544833537752335445EAB949E6260D4EDF54F7D3BCDA394398B1BE8DF557CDA4F368E50E62DEFA42DF2D55F368697E5A3945CC58DF46FAA9E6D1E6D3E50E62DEFA37D52F369DE6D1CA1CC5BDF4D66AADE6D1E6D1CA1CC58DD4F0D5504B5223D2E50E62E2B53D6AB86A955AA4B265A70A62D3C54943C5140A281851451BA800A4A5A4A0029B4EA2801B4D6A7535A81113546CB533531AA8922DB453A8A091B46DA7518A00052D029D414376D2629F46DA008B6D376D4BB69315449115A8F6D4E5698D401015A61A99AA33542226A8996A665A632D324AAEB50BAD5B75AAECB56448AE5699B6A62B4CDB5421AB52A5205A7AAD004C95692AAA5584A990E25A4A96A146A9035666B11D4EA6D396A462D385369C2801E29EB4C14F5A928928A28DD5202AAD3A9B4EA0029D4DA75050B45252D003A8A6D1BA818869A69C6A36A0425465A82D4C2D544816A4CD46CD5117AAE52798B41A8DF553CDA6CB3ED5A3945CC17971F2EC15485359F736E34A1AB48C6C437709515D6B0351B056DDF2D745505C44AEB44A3CC384B9647171AB5BCDFECD749653AB2AD66DFDAED666A86CEE3CA7DA6BCAC451E47CC8F5E8D6E789D42B7CB48D50433AB2D4BBAB94DC1A98D4A5A98F48642F5565AB0ED55E5A0A2948B55DD6AD49555EA0B2234C6A56A89AA808DDDAA22ED52BD562B4E32011DEABBB6EA9196A32B57CC43447B37355FB5B7DCD55E25F9AB5ECD5569F3125BB7B3555FBB57628955AA247DAB52C2DBDD6990753A2A7CB5B456B37484DB12D69B577D2D8F3AB7C444D51B2D4CD4C6AD8C46514B45048CA752D140051B69CB4B414336D2629F46DA008B6D3596A5A4C5049115A8CAD4E5698D54040569856A56A61AA1103544EB5395A8CAD320ACEB503AD5A75A81D6AC9915D9698CB53B2D376D508836D016A5D949B69920B5285A685A785AA01E16A4DB405A7EDA9019B68DB4FDB4500376D0AB526280B401A6B4F5A45A55AC4E81D4EA28A40369B52536801BB68A929A68018D4DA753698486B530D3DA9299045453E928246D14EA2801B4EA296828053A8A5A401451450311A9869ED4C34C447B68DB4EA2801BB69C169D40A00314BB6814EA431BB69314FA290116DA6EDA96928023DB45494DA6014E0D51D1BA9013AB52EEA8C352EEA0A25DD4EA83753C354812AD482A20D4AAD40C9453969829EB5250F56A75474EDD400FA293751BAA407EEA7547450512514DDD45003A96928A002A36A71A6350046D51B353D9AA076AA2463B542EF4AED55247AB8A32948977D37CDAA8D3D47E7D6BCA473177CDF7A3CDAA5E6D279B47293CC5DF368697E5AA1E6B50D2FCB472873173CDA3CDAA4AF4BBE8E50E62E79B479B54F7D1BE8E50E62D79B4E12D53DD4F0D4728731711AAD235508DAADC75123489712A6155D2A71593342C2D3C54494F5A92C90514DA375050EA6D14500145368DD4087514DDD45003A8A29B4008D51354AD5135048DA76DA1696A80651B69FB68DB5200169DB69D45050DDB4DDB5253680194D34FA46AA2461A8DAA4351B5048C6A6353DA9AD5422365A695A7D21AA24ACEB51BAD587A8CAD302B14A8F655A2B4CDB564116DA36D4BB69D8A008D6AC25478A7AD00580D4FDD5086A7EEA82C955A9EB5086A7AB52289569E2A256A7AB548C9053D69829454812AD3AA3A3750510DFDEA585BF9AEBB99BE555ACFB2F1025C5C2C4F12A65B6EE56AAFE257DCB120FE1566AE7AD5996756150DEA7751A1074B999E89BA9D51236F4561FC4BBA9FBA99C23A8A6EEA76EA0A1D45368A000D31A95A98CD400C6A89DAB1756F12C3A74CD0A22CAE3EF6E6F956B36DFC6093CAAB242AABFDE56A7CC8D161AA38F324748ED503BD21955D15D1B72B2EE56AAAF2D6D1472499334BB56A166676A626E76E6A5C55F291CC474EA6D385500E0D4FA8A9E1A80295F5BEF46AE5EED1A0977576AEBB96B0B54B2DEACC16B29C39E3636A5579194AC2FF00F84B56C24EACB5C6CACF6B2D6AD96A2AEBF7ABC6AB4A5091EBC27CE8E877D34B55449F72D3F7D646A2BB55776A919EA076A4510C8D555EA691AABBD21913531969CD435302BBD40D53C9559A801196A365A937537EF5300897E6AD283E5AA51AD5D8AA88916C3D5FB35F9D6B363FBD5A90FC89BAAA2448EBF4D9556255DD5A61D5AB868B54F2BF8AB66CB57575E5ABD1A51BC4F36B69237DAA26A6C53ABAFDEA7568640B46DA55A280136D0AB4BB69CAB4006DA36D3A8A901B4DA929B400CA69A7D235500C351B5486A36A09226A654AD4C6AD043196A365A96986824AEEB5115AB0D4C65AA1155929BB2ACB2D46CB54490ECA6ECAB1B68DB55CC1CA42AB4F55A76DA555A62055A931405A5A401B68DB4EA2801BB69CAB45285A00D1A55A4A78AC4D8752D2514005369D4DA063AA36A716A650206A6D1453242994FA6D02129B4EA2980CA2968A0028A29D40052D253E9005145140C63534D3DA98681094DA29AD4C076EA03533751BA80260D4EA815A9DBE905C968A6668CD218FA6D2669A5A8002D4DDD485A9ACD4C0716A6EEA633534BD3B11CC4E1A8DD55F7D2EFA2C1CC5856A90355557A94352E52AE5856A9435570D522522C9C54AB51254AB5231EB4EDB42D2D49426DA36D3E8A9019453E9BB6800A28DB4EDB400DA3753B6D376D00216A8CB54BB690AD5015D9AA076AB4EB55DD2AA24C8A52B55392AFCA955654DD5A231914596A3DB573CAA162AD3988B1576D3B1575625FEED0D12FF00768E60E529629BB38AB7E55218BE5A398394ABB68DB5619298C94730115382D3F6D3D56801A16A4DB52A253F654F317CA448B56E3A622D5845A89148952A715122D4C16A246911EB522D3569EB59941453B6D1414368A29D4006DA36D145001B69B4EA6D001485A86A8DA8002D4C2D4E6A655123D7EF53EA214FA901D45145050EA5A4A5A004A28A2801B4C6A56A61AA244351B538D31AA891AD4D6A1A985AA8414868A69A0918D51D48569BB6980D2B4C2B53EDA8CAD00478A5A76DA29881A9A29CD4C66AA2490353B7543BE8DF5360E62C06A786AAEAD4F56A5CA5F31695A9EAD55C354C948A27152AD442A55A918FDB47DDFBD42D55D4A29A7B268A05DCCCD525C57348AD797FA74BFBA7DB2B37CBB957EEFF00C0AAB0B5B1D225579BF7BBFEEFCBF756B3BFB0750DFBBCA6FF00BE96AC5DE97A9DE6CDF137C88A8BF32D49DBC905A29E874105C5BDC26E81D5947F0FF76A7AE7B4AD2EF6CEED1DD1953F8BE6AE8B6D389CB561183F7589452D1B691989452EDA36D00319AA1B897CA85E5FEE2B3558DB54358758B4ABA6DDF33232AFFBCD415157958F27D52E1E5B8662DF3336EAA51BB2CABF355ABC46595B355157E6ACCFA58FC27A168770D3E949BBF81B6D5A65DE6B1FC373EDB49623F7B72B56F46BF2EEAEBA5F09F318B5CB598E55DAB4C2D4E66A89AB53983752AD3285A007EEA706A6536802C06A8A6895D2856A93340CE4F56B0DCACC16B9959DED66DA6BD1AEE05951AB8BD6B4DDBB982D73D6A3CE8EBC3D6E4658B4BF5755E6B412E372FDEAE1E1BC7B79B63D6EDB5FABAFDEAF1E707191EB427191BFE6D319EA825C6EFE2A7F9B59964AED55DE82F5133D03066A29BBA85A622392A06A9E45A8A8022DB4A16A4A280152AC2355756A951AA892FC1F3355E99B64354ACD7E6A76A93EC85AAA226727ADF883EC12ED67DBB9AAFE8FE2547DBF3D79978CEF77DEAC4ADFED564D86AD35BBAFCE76D7A98695A363CBC4C6E7D2FA66BCADB54BD7516D7893AF06BE74D1FC54C8CAAEF5E8FA278955D57E7F96B7703914CF514F9A9D591A76A915C2AFCD5AA195BA563289B21D4EA6D3AA405A285A28284A28A28246B531A95A986A804351B538D31AA891AD4C6A52D4CDD54290530D3A9A682489A8A76DA36D30232B4C2B52B2D34AD00478A5DB4EDB4BB69888D969A16A62B4CDB54480A7514B5420A29D4DA0614E5A29CB408BB4F14CA55AC4D8928A6D3A801A69B4352500145368A61CC1451450485369D45021B494B450025145140051451400B4EA6D3A81851451400D6A61A7B530D02226A633539AA266AB2419A9BBEA276A66FAAE52798B1BE9DE6D53DF49E6D1CA2E62F2CB5207ACE596A5596A6511A917375359AA112D1BEA6C5731216A8D9AA367A63355728730F67A88BD233D40EF549112913EFA50F55375383D3E526E5D47A991EA8A355946A8922D32E235594AAD1D594A891AC49D2A65A8D2A65A89163D69D4D5A902D49418A314BB68DB525098A314FDB46DA00662976D3A8A0036D1B6976D1B6818C2B4C2B5315A465A045565A89D6AD15A89D6A9125274AA8E95A0EB503AD5A66528953651B2A7C50CB577158836D3B6D3F6D1B6810CDB51B27CB56714D2B40EC5474A88AD5B65A8596824882D3C2FCD4EC53D56A842A2D4BB6845A931506846ABF354E8B4C0B5322D22A24E94F5A60A7D4963E9C1AA3DD4E56A901FBA8A4DD46EA43168A4DD46EA43168A4DD4DDD5448FA46A6EEA696A02E3A98CD4D2F4C2F45807335377530BD47BEAB9492C86A7AB55556A943548132D3A98AD4FA92875146DA5A0A128A29AD400C6A61A534C35448D66A63350D4C66AA2019AA22D4E351D5123A8A6AD3A800DB4DA7535A80129AD4514C06D14EA6B5310C7A85DAA576AAAED5A44CE41BE8DF55CB501E9F29172EA3D4C8D5491AAC46D51245A65C4AB2955A3AB2951235893A54C951A54CB5122E23969685A9315250DDB46DA762976D494336D1B69FB68DB40098A5DB4EA2801BB68DB4EDB4D919624DC5A810C7F97AD65DFDFDB223249B5D7FBAD54B5AD6D6085D837CA2BCD755F12CD2BB6C6DABFECD56DB9AD1A33ADF01D06B715A5E7FC7B2244E3F857F8AB1ECF4D54977CFB76FF0077FBD59161AA3BCDF3B7DEAB5A8EA3E545B437CD5518C6D73AFF00DA20D50BEFD4EC2C7CA4F963455FF76B6626F96BCC74EF104D03AFCFF2FF00B55DCE95AB25FC5FDD71F796B484E2F43871183AB4FDE96A6A96A6D319E9C8D5A1C61B68DB4FA0D00329B4E6A6D0014FDD49450302D59D7F6AB2A37CB57DA9ADF32D00799EBDA5B2333A2D63D9DFB44FB1FEF2D7A76A7A72CF137CB5E6FAE696F6F2B3A2D73E228C66AE75E1F11C9A33620BC575FBD5704FBAB8CB0BD6DDB4FF000FDEADEB6BC57F943AB357933A4E27AF07CD1E635FCDA6EFAA625A915EB2B145A0D522D5746AB09400C96ABB355A916A9BD5123B75377544CD406A0A2756A9D2AB255A897E6A00D4B4F95775637882EB65BBD6E409FB9AE5BC54ACB6AF8FEED540CA678DEB3726E75395FD0E2A821A7CF9171267AEE3512D77C743CF91721B8746E1ABA0D2BC432DABAFCF5CB86A7AB32D74C6A984E9267B6E83E2D56DBF3FFC06BD2749F10C570AAA5EBE59B3D49EDDD7E665AEDF44F15B232ABBFF00C0AAF4998BE681F4A433A4ABB81A9EBCD3C3FE2D4755577AEFACAFE2BA4560D59CA36348CB98BB4B4515994250D4535A8018D4C34A6986A891ACD4C66A1A98CD54034B53375069B5440EA2814EA008D968A71A635000D4DA28DB4C06D3A8DB4EA621AD4CA7B536A890A28A2801D451450014E5A6AD396A80BB4AB494B589A8EA6EEA753680129AD4EA6B50014514532428A28A0028A751400DA6D3A8A04369295A92800A28A280169D4DA75030A28A2801AD4C34F6A61A0442D503D5865A4D956494CAB544C8D57FCAA6B4555CC47299AEAD50B66B51E0AACF055C644389537EDA7ACB48D152AC54089D5E969112A50951234891D2354DB698CB401559AA167AB0E8D5014AB444866EA72D2ECA902532622A55A8FEF5428B56225ACE46B12EC75652AA255A46ACA46A8B4953255746A991AA24684E29E29829E2B32C72D2D252D0505145140053A9B4EA00752D22D2D48C42B4DA7353698A43196A22B5335466AA222B3AD5775AB8F55DEAE26722B6DA36D494BB6A85CA43B6976D49B680B407291EDA465A9B6D23A7CB4072954AD44CB560AD30A5320836D4A8B46DA705A00785A7EDA02D49B691647B6A45A6EDA28025DD4ECD45BA977548C937D1BEA0DD46EA394398B1BE8DF55F7D1BE9F28B98B5BE977556596977D2E51F313EEA37545BE8DF47280F2D4C2D4D67A88BD3E511217A899EA2797FDAAAE675AA8C49722D33D47BEABF9B407DCD4EC2B970354C8D550354C8D50D0E322E235481AABA54EB50CD512EEA29AB454943AA36A73531AA891A6A26A919AA36AA246354469ED4C35421869B4E346DA648DA750169DB2802366A6354A529856801B4DA76DA36D023175AD45E06F2636DBFDEAC78752B8475F9DBFEFAAB1AEA3FDB5D8AFF00BB5961773564E5EF1EB51A50F648EBD27F3EDD25F55A8DDA9B608CB628AEB4E74AEA87C278F555A6D22B350B5214A0255988F4AB50D570B5663A891712E475652AB2355846555DC7EEAD652368916A3ABDA6930EF9DFE76FBA8BF79AB0878FE159769B45D9FECCBF35717E22D5E5BCBD9652DF79BE55FEEAFF000D739E7BEEFBD5CD29B3E8B0F96C393DFDCF77D23C4363AB3B242CC92FF0A3FF0017FBB5B42BC1748BF96299195BE656DCB5EE96972B75690DC0FBB222BD38CAE70E3308A83D362C514514CE20A28A2818B45155AEEF12DD3FDAA044D34E9026E76AE6B51D49E766546F96A0BEBF79DB96F96B35E5ADE10B184E77D8A9ACA3DC5AEC4DCCDBAB8E9343B9666FDD3FFDF35DB3BD3436EA72A57773A70F8C7461648E1BFB0EE53E6113FF00DF34CB8D36E677DCEADBABD019372D539AD697B135FED29F35EC71B1E8D71FDC6FFBE6BA4D06DE6B59959D59576D4DB191AA68A565EB4469F29353319CE0E2D1AFBEA547AA092EEA955B6D6A79E692BD3AA824F569255DBF7A801CD4DDD479F13B6D49519BFBAAD4DA07CBCA3A9D4DA3750206A6AD1522D032374565AE7759D2D6746F96BA66A82589655DA6803C5758D39EC37B22FDE6AA7A6DD32DC2FCD5E9DADE930DC2327CBB9BF86BCDEFB4D974D99BCB42CCDFF8ED72D6A5CDB1ECE1712A14F9646FC370ADF2D5A47AE5ACEF195955F72FFBD5D0DA4AAEB5E6CE9729B427734E16ABB12FCB54A05AD2893E5AC8B91148B5424AD5953E5ACEB85AA1154D2A5237DEA7C6B40C9D16AC42BF3D4417E5AB16CBF3D6651B56C9BA2AC0F125AEFB57AE9ED17E4AA1AD5BEF85AB489948F9CF5AB536FA849C704D660AEE3C5DA6FCE5D45710460D764257471548D98A29D518A78ADA2663AA7867743C354029CB571958994798E974CD7A6B565F9FE5AF4BF0C78D3E64532D78A2B6DAB76B7F2DBBABA374AE8E68B39A506B63EB9D275B86F625F9D7756CEE56E95F377863C6ED03A2BBB2B57B5F87FC470EA30AFCEBBAB1944B8B3A6A8DA8DDB978A46A92861A8DAA4351B551244D4C34F6A61AA10C34DA71A36D3246D3A9C168D94011B35329EC949B6801B451B68DB40829D4DA7530236A29CD4DAA2475369D4500145145000B4F5A45A78A00B54B494AB599A8514EA36D00329B4FA4A0028A2976D002514B45001494B494005369D4DA648D6A4A56A4A04145145002D3A9B4EA0614514EA0A236A61A9699410342D39529EAB5284A3987CA41B293655AD946CA770E52998A98F055FD951B251726C653DBD3160AD274A66CAAE617215562A5F2AAD6CA3654730EC55D948D155BD946CA3982C513054460FF0066B40A531A2AAB8A5133BCAA3CAABAD1526CA7CC47295C253C2D4BB29BB6A6E3E51E8D53A3555FBB4F0D4145F46A9D1EA923D4C8F526B165B0F52ABD540F52ABD4F28F98B1BE9DBEAB6FA76FA9B1572C6FA37543BE80F4B942E58DD4BBAABEEA706A3947CC58A37545BE8DF53CA512D3699BE8DF47280E6A61A697A617A64F30D7AAEF52BBD40CD5A4480A75329E2800DB4E54A514EA0036D31D7E5A9291BA50041B293654DB68DB4010ECA6ECA9D968C5021A169D8A50B4EA06445698D529A89E8023DD416A8DDAA32ED54473126FA37D537976D42D78CB55621C8D06976D31A75FEF5644D7ADFDEAAAF78DFDEAD23021D537BED0BFDEA4374BFDEAE68DD3EEFBCD409D9BF8A9FB227DA9D27DB557F8E8FED14FEF573BBCD2AB51C883DAC8DE3A92544FA92D64166A89DE8E442F6ACD29351DD4C5B8DD597BAA789AAF949E6668ACBBAA78DAA844D57236A8944B45D46AB095551BE5AB08D5933645A46A9C355546A995AB391AC4B01A9D5106A76EA92856A616A37530D0481A6352B3532A8435A9869ED4C3544894BB68A72D30055A5A28A4503530AD3DA9280222B4DA94D727AAEA92CB332233041F75693958D28D1751D91B37F6F0DFAF921D3CD1F76B26DB46D92B4B3B2AC49F336D6DD5534DBA68AFA2776F9777CD5766BF4FB0DD2AEDDCF2FF00E3B51CC99D7C9387B88DA1B1D7F76CACBFECD44C95C9A5D4B13EE0CCB5D3E9974D796FF3FDF4AD633B9C988C2CA0B980A51B2AE32537655F31C9CA57094F4F96A5D9498A3986488D497B3F95A6DC3FF7626A686A73AA4F0BC4FF0075D76B5448D29C9464AE78EEA4CDE73567D74FE24D19ECAE997EF295DCADFDE5AE6B636EDB5C7289F6742719C138976C19BCE5AF6CF0CCBBBC3B69F7BE5565F9BFDEAF25F0FE972DEDEC50A2FCCEDFF7CD7B1D95BA595A456D1B7C88BB7737F155C227979AD58D943A9A1BE9DBEAB6FA76FAD2C78B727DF4A1AABEFAAF35EA44BB436E6A2C172D5C5D2409F7BE6AE76F2E1A76662D524D3B4ADB8D5493E6AD610B194E77284CD558B355E78B7544D6F5A9054A72FCB561A0A6325002A353D95596A1F9969E1E8019240AD551E2DB5A3BB7546E9BA802AC2D5742EE5AA6ABB5EAD44DF2D02119B6D729ADF881F73448FB621FC3FDEAE9B516D963338FEE5797EA32B34ED5CF5A5D0F6B2AC3C66DCE45D4D66557DDB9ABAAF0F6BCEF2A43236E476DBF37F0D79EAD6B6912B24CBF3563195A47AD88C3C2A41A67ADD254514BBE2473DD55A9D9AEE3E41FBA3E9EAD516EA72B5003D9AB3757B878A1558FBFDEABFBAA37447FBE8ADFEF54CB545D29284F999CAAB4BE6AB9DDF2B563EB907DA227C27CCCCDFF007CD7A12DBDBFFCF14FFBE6A1B9B0B7746C429FF7CD47233B1E2A0DDEC786EC9ADEE3CA756643FF008ED5FD3EFF00E6DA5ABADD7B46F959A35DBFEED79C4D14DA75D329DDB77544E8F315F5C5367A3585C2BAAD6FC09B977579D68FAA7CCAACD5E83A64EB2A2D79D5697233AE1579913C917CB5957295D13C5B96B2AEE0AC8A304AFCD53C6B4E922DAD422D05A260BF2D5AB45F9EABAF4ABB67F7EA1966EDB2FC94CBE8B7C4D562DBEE5170BB96A8C64797F8974DF355FE5AF2ED4B4D68256E2BDF357B35756F96BCF35AD255B77CB5A42562651E63CC590AD02B5EF6C191DBE5ACB74646AEB84AE724E1CA029CB518A92B43216A78E2DDD5AA21F7AADC5F76A8002B23643575DE19F15DC69B322BB9DB5CA9FBB4B0AB6EE3EF55A644A27D41E19F1345AA5BA7CEBBABA7DDBABE79F056A53585D22976DA6BDD74DBC5BAB556DD43899F317CD31A959A98D4806B530D3DA99544B1314A168A72D30142D145148A1196998A7B5141244569B529A61A60368DB453A980C6A8EA46A6D50828A28A090A28A2801CB4F14C5A78A00B54F14DA70ACCD475145140C6EDA6EDA928A04342D3A8A280236A169C681400535A9C69AD40094DA753699235A92969281051451400B4EA6AD3A81853A8A29143693F8A9F4DA6492C6B5305A646B56156A6454466CA3654BB69D8A5CC3E522D94D64A9F14D2B473072951D2A2DB565D699B68E60E522D946CA976D1B68E60E522D949B6A6DB46DA0394876D4652ACE29BB68E6172954A526CAB2CB4C65A7CC4F29559298CB56996A275AA115DA98CDB6A46AAEF4D112255976D4E93D6697DB4AB3D5728B98D712D4A25ACA4B8AB093D2B14A65F59697CDAA4255A7F9A2A794BE62E79B4096AA79A3FBD479A3FBD53CA1CC5DF3697CDAA1E7AAD385C2FF7A8E50E7341656A5DED54D675FEF53BCD1FDEA5CA57316F75377557F3D7FBD49E7D1CA3E62CEEA616AAFE7D1BE8E50E61EED49516EA50D40B989169E298B528A0628A7AD22D3D6A4A0DB4EDB4AB4500336D14EA2801BB699B6A5A6D00342D1B69D4500446A17A98D42F544C881EA16A99EA27AA20AD22D5275ABCEB55DD2B48993466CCB554AD68CA955CC55AC6462E25265A50B563CAA708A9F30B94882B53EA5094FD94AE3E52B1DD5132D5D68AA23153E60E52A62AC44B4BE554A8BB68E60E51E8B5692A245AB08B5122E28951AAC23556A951AB266B12EA354CAD5503D4AAEB525C645956A76EAABE6AD3BCD5A5CA573136EA42D5179AB4D2F47287312B35319A98CF51B3D513CC4BBA8A8B7D1BA8E5024CD2EEA8B751BE8113EEA375441E9D9A062EEA299BA80D400F3F32D604BE1E677DDE72FF00DF35BD9A6EEA9E5B9AC2ACA1F0981FF08E37FCF65FFBE69DFF0008E1FF009ECBFF007CD6EEEA78A39225FD66A7739FFF00846BFE9B27FDF35A1A7E9BF62DFF003AB67FBB5A14EDB459133C44E6ACC8B6D3592A7DB46DAAE630B15CA544CB56996A275A00AE6A3DFB5AB335AD7A2D37F748AAF2FF0016EFBAB5C4DFF8AAEE72CA666DBFDD5F956A5D548ECA19754ACB9B64777A95BDB6A917D99DD56755DC8DFDDAE51FC257DF68DA2DF72FF795976D56D0357FF899C0CEDF296DADFF0002AE8AE274FEDD484CAEA8ECACCBBBF8AA1F2CF53B21ED70B3F669E96B9ABA269D6DA1AAACD2A7DAA65F95BF8557FBAB5D02CB5E71E2AD5B6EA1E506FF00548ABFFB356458F8AAEED5BF7770EABFDDDDB968E78A7613C0D4AF055AFAB3D83CFDB556E35448BA72D5CD691E285D476C373B55DBE5575FBAD5AED6FBDF9AD61691E6D684E8CB96649F6F9A7E9F2AD382B7DE34F86055A73D5F29CFCCCAB23D57666DD569937537CAAA0215A7EDAAB79A9595836D9E5F9FFB8BF335511E28D399B6EE957FDA65ACDCE28E8861AB4D5D2354AAD31916AB2EA3693B2AC3708ECDF7555A833ED6ABDCCA51947E2448D154462DB4F5B856A76F56A6495CEE5A335232EEA8DD2801A76D392A02CCB42CBB5A8106A5034FA7CA89F7BEF579A6A30324CD9AF5589F75737E26D1B7335CC6BF23FDEFF65AB9EB43A9EC655898C1FB391C0AAD6BE8F6EF2CCB856663502E9CFE6FDDAEE7C33A4FD9D16E645DADB7E4FF00E2AB1846F23D7C5E2634A95CDCB789A2B7890FDE55556A7D4B498AEE3E4652E69730D152AD3314F5A005DB4C2B52D34AD003053E8DB4549451BDB55951BE5AE0F5ED0525DCDB6BD0A7B8445E6B9CD4AE227DCBB96AA223CB1ECE5B29B727DD15D568BADECDAAED45D5BA4ACDF2D50974D653B92B39D25337A555C0F41B6D512545F9AA59595D6B83B27B881B6EE6AD74D4A555F9EB8E7866764311166ACD12B74AA6C9B5AAA1D5959B96A9E2BC47FE2AE4952923A63389376AB76B2A23FCEEAB55C6C646656ACADCED3336EA8E491D54A0A67A0DA32B22B06A9E55DCB587A0DC3342C8DFC35B25FE5A0C671E5958CDBC8B72B5723AADAAB6EF96BB1BAFBB5CDEA4BF2B504C4F39D4AC373B7CB58EDA4EF3F76BB1BD8BE7A6DB592BFF000D75E1D1CD58E0E7D19D3E60B541EDE588F295EACFA42BAFDDAC4D53494456F96BB390E2E63830B4F5665AB17907952EDA974FB07BDB8540B5162C8A189E56E17756BD9D9EC6E56BB5D2BC24BE4AFC9525FF0087BECE8CC17A56D04633998B67FBA7571DABD3BC31AF2EC542D5E58EEC8DB3EEE2B4F47BC749954356B28E873A97BC7BD4370B2A6E0D4EDF5CB6897EED12A96AE8565DCB58F29AF3136EA2A2DF46EA394097753B7541BA857A044FBA8DD4CCD19A062D14CDD4ECD002D30D3B34DDD400DA7537751BA8006A6539AA3AB131D45368A091D4514DDD40122D3C544AD4E0D401796A4A68A75666A14BB6814EA918DDB494FA2801BB6834EA69A004A28A2A84151B5494D3400C6A6D39A9B4C91AD494B494082968A2800A7514EA0710A28A5A450945147F1500588EAD0AAD1D5915321C450B4EDB4B456668148CB4B45005775A8AA77A89AA891B4514500146DA72AD3D56900CD94794B53D18A41620F2169AD02D5ADB48CB4F982C536816A17896AE95A89D69C644CA266CB155099596B5E45AA57095AC598CE2643B545BAA79936B54056BA11CF2137B2D4A93B7F7AA2DB42AD31965676FEF53BCD6FEF555A76EA561F3163CD6FEF537CF6DDF7AA1DD45160E62D79ACDFC546FA815AA4A9E5024F3597F8A8FB43FF7AA3A89A8E502EADD3FF7A9EB70D59E1AA4566A4E25C646889DAA5596A925584ACDC4B8968353C32D40B528A92C955AA51512D4A2A4B255A7AD442A55A9287D142D0D4009451BA9B4006EA29B416A090DD48CD4DDD4C2D556002D513350CD4D2D5421869869E698682480AD4252AD15A8CAD388A51293A54262AD0295179557CC67CA52F2A858AAEF95479555CC1CA561153D62AB4A94A12A798394A9E5530C55A1B29862A398394CEF2A858AAFF954DF2AAB985CA5744A9C2D2AA54816A6521A447B685A9196A3A92894353B7541BE93CD1FDEA2C1CC58DF46FAAAD2AFF7A98D3D572873177CDA3CDAA1E7D1E7D1CA4F3174CB58B77E20F2A5658D576AFF0013558BBB8DB6B2B7FB35C73BEE76A89E87761294677723AEB0D6FED52F94EAAACDF7596B577D707693ECB8561FDEAEC44FB9775387BC462E9AA6D58B5BE8F36A999699E7D69CA71F31A4B2D3F7D6625C5584B85FEF54F28D48B7BA8DD55FCF1FDEA6F9CB4AC573173752EEAA825A955E9157265A945428D530A431E16A4094D5A9529140B12D3BC81522549B6B3B8F94AAD12D559915119CFDD55DD5A056AA5DC4CF6B2A27DE64655AAE61A478AEBD752CF70EE5BE666DD580FBABD22F3C1B7D2BB36C4FFBED6B3DFC157ABF7913FEFB5AC7919F4D4F194231E5BA38EB69DE06565FBCBF32D6D5D6B3E6EB1F690DF2EF565FFC76AFB784AE57F853FEFAA6FF00C22971E89FF7D55C613EC653C4E1A6EEE68C0D4EFDAF2F6E26FEFBB32FFBB59E9B9ABAF5F085CBB6D0A9FF007D55D4F02DF6DFF549FF007DAD4B84BB1A43194147954D1CD6993BA4ABF7ABD874D97ED5A7DBCC7EF3A2EEFF007AB8A83C177D13EE289FF7DAD76BA6DBBD9E9F14327DE4ABA5CC99E6E65529554B91969BE55A89A9C5AA266AE83C50AE7BC4BAE369B0AC30B6D9DD77337F756B799EBC8BC4DA8BDC5DCD296FBCD59569D91E9E578655AADE5B233EFF005777959B7B335677F693EEFBD59F23EE6A65719F5D1A5189D159EAEEAEBF35779A26A8DA8A795236E70BF2B7F7ABC92376575AECBC2F7BE55F40C5BE5DCBBBFDDAB84ED23871F84854A4F4D4EF5A265A15996B41D16ABBC55E81F163125A93E56A87651B996801CE954EE36409BA46555FF6AADF9AAAACC7EEAAEEAE175BD59E599BE6FF00EC6B39CF90EEC1E13EB2FC8DF7F105BDBB6D4567FF00C76B4347D53FB4669627DBB4A6E55AF2E7B8766FBD5D0786AFFC8D56D72DF2BBEC6FF817CB582AAE4F53D6A996D38517C8B53B18A2B46D43CA5D3D15D5BE66DDF2AFFB5B699A96B8D617EC836B222AAB2B552B3D495FC4CD96F95E574FF3FF007CD72BAADFB5D5D4F306FBEECD4E53B2F74CE96139EA7BFB58EEAD3C4B653FCAEAD137FDF4B5B31CB14E9BE37575FEF2D78DC570E8DF7ABA9F0E6B2F15C264FC87E565A2159F52713954631E6A677FB68A7534B2AF5AEA3C20A755592F113F8AB2AEB5B4895BE6A00D979D13F8AB2EF3564895BE6AE5B52F14222B61EB90D47C4335C332A3351CA1CC759AAF89513761EB97975C96E25E1BE5AC1779656DCECCD5A16165E7A34B23EC897E5DDFDEA52972974A129CB9606E58DEEEEBF356E43E54AB5CC43F6446DA2597FF001DAD585F62ABA3EF4A88D54CE9A984AD4E3CCD1B4B648DF30A64DA7332D2DADD6EDB5AB1BABAF35A9CA72B3696EADC54220962FEF576BF6747FE1AAF369C8CBF76A6508B2E35648C4B39599590B75A7FD9DD1FFDEA82F365BCBF27DE153DA6A2CD16E3B7E5AC65460F63BE956AD4D5DA3774D46B55DCECBCAFDDAD413AB571C9ADBACBB4AFCB5B16D74B2A2B2B5632C327B173AD34F9A66A5C37CB5817FF0036EAD632EE5ACCBC5F95AB8E74A503584D48E56F13E7AB160945E2FCD4FB3FBD5BE1F732ACB436555562DD5CCEB4E8AAD5D14AFB6DEB88F105C6D47F9ABD096C79DD4E42F1FCFBA6C7DDAEABC256A8B2AB1FBD5CB59DBB4F370B5D8E956F2DAB2B85A88C4B948F5BD2A089A15A76A76092C4D85AC0D2B59DAAA85ABA417893C5BB7556C66F53CB7C41A6B412B385ACED29FF00D352BD075BB549E26AE12D2D5A0D6153F87756A99872DA47A9E8916E85585743B5916B1B405FDCA5748F16E4AC8BB1543D1BEABCADB1A99E6D5F291CC5AF36812D5232D37CFA3945CC6987A76EACD4B85AB0B3AFF7AA7946A45ADD46EAAFE78FEF537CFA9B15CC5CDD46EAAEAF4F57A0AB8FA7537751BA8006A6D05A92A890A37534B5266A843F75377530BD30BD327989B7D1BEAAEFA3CDA394398E8E945252D731D23A968A2800A4A7D3680128A5A4A006514BB68DB40094D34EA69AA10C6A6D3DA99400DA29D453246D3A8A7501CA369D452AAD22829D453A8023A17AD3A9ABD6802D455605578AAC0ACD9687D14515250EA6B53A9AD40C8DEA06A9DEA06AA20285A285A007AD385356A4A928514EA16956801286A5A1A80212B513AD58350BAD325955D6AA4895A0CB55E55AD22C8944C6B88AAAB40DFDDAD7912A2F2AB58C8E7940CAF29BFBB4794DFDDAD231530A5573936286C6A4DB57992A2294F982C56DB4D65AB052A265AAB8816A414D45A976D480CC534AD4DB68D9473015D56A40B4BB39A942526CB88E896ACA5468B532AD66CB88F4A9D6982A45A9351CB528A62D3C548C78A7AD329CB400FDD43353697F868012919A8A69A041BE919E9A6A266A7CA4F30F696A22F48CD5116AAE50E61E5E9335116A6EEA044F9A2A35A905218DDB4D65A9693140116DA6EDA9F14DDB40116DA0254BB69C169730116CA784A7EDA7EDA398AE521D94D64AB1B699B68E60E521D94D64AB1B69196AB989E52B6CA76DA976D376D02B1115A8DD6AC15A8CAD005292AB3B355E74AACE957133915599A999A98C54C64AD0819BDA812D298A8F2A98886EF7CB6EC89F79AB9BB882581F6BAB2D74925C4307DF7F9BFBAB51A793A8AB657EEFDDACA6A2CEFC3549D25EF2D0C4B5B59A56DC8ADF2D7488ECA8AA7EF6DAAB24F0D93AC3B7E5A9629629FF00D5BEEFF669C1462462673A9ADB42532D445DA95928D95A9C426F34A256A4D946CA0095676A91256AAC12A645A4CA45B8DDAAD46D5512AD475948D225B46A9C5564AB22A24684CB52A544B53A5448A264A7D3129EB5258856A075AB0D513AD0495245AA9325683AD57916AE2C8944C59A06DDF76A2F21BFBB5AAE94CF2AB65231702AD9DBB6FDC56B576FCB4C862DAB52D294AE5C236186A36A94D44D5258C6A88D4AD511AA1152F1F65A4EF9DB889BFF0041AF15D61F73B57B16B68CFA4DC2A7F777578EEB1132BB57362373E832451B366137DEA6D39976B536B9CFA41CBF7ABA0D19F6BAD73E17E6AE83458999D699956F84F6287735BC4C7EF6C5DDFF007CD056A2B0564B1B747FBC116AC1AF463F09F015349C88B62B54524553B36DA66FDD4C8336F9196D25DBFDDAF3FBEB295E66F96BD40A2BAED2B9AAB2D85BB7FCB14FFBE6B2A94F9D9E960F1D1C326AC796369D2FF76A586D6647561B9595B72D7A04D6B0A7FCB14FFBE6A086287CDDA614FF00BE6A3D848EDFED887639048AE565F343157DDBB7544D612B7F0D7A85B59D932F36D0FF00DF34F96D74F4FF0097687FEF8A9F6320FED78763CA7FB3A5FEED6869B66E92AFCB5D95D4B6312B7FA3C3FF007CD73B7FAE5B41BBCB4456FF006568FABB14B3884BA1D7B6A4915BA65BE6D8BBAB12FBC47145BBE7AE1350F134B2B32A335614D7B35C372E6BA628F0652E691D8DFF008AFEF2A3573B77ADDC5C3361996B282B375A9912A8918ECF2B6E7666A045560455324148A2B2C55A17EFF67B78A14FE05FFC7A88A0DCEBFEF545AB36E99AB9EB1ED64F0BCDC8CC577DDBB75745A4CED2A3445BEF2D73A16B63476DB32D73C4F76BC14E9C91BF6F2B2B56E5ADD7DDF9AB0C27CD56A1665AF44F897B9D4413AB2D5C1B5D6B9CB6B8DB5AF05C6EA45152EF4647666DDFF8ED65BE9AB133619ABACF95D2A8DCDBEEA1411A3AF53B9809A6C4D5A16F02C09B453B6EC352A355C62919CEBD49AB3648ADF2D57B95DCB56956874DCB5955A5191746B4A272D7A9B775436ADF356BDFDAFCAD58C8AC92EDAE1E4E499E8F3A9C4BB753ED8597FD9AE035E9F7B6CFEF3576578FF2357177117DAB55443F755ABB1FC270F536BC2BA1B4A8AEEBF7ABD023F0FAAC5F768F0AD822DBA7CB5DBA5AAF95B76D1B112D4F34BAD2E5B77DC94EB3D46581F63D77973A6ABFF0D615E682ACDB82D573196C60DEDFB32B563D9AFDA352560BF75ABA5974377F94AD5FD2BC3CB03EFDBF3557301BFA2C5B224AE8474AA3676FE52AD5F5ACCB336FE0F9770AC7676535D44C9BD36D73B7906C95AB4848C668A865A66F34BB28D95A1989E6B53D676A66CA365004AB3B54C92B55554AB08B512291691EAD235544AB095123589615A969829D5250353334A699544816A616A0B544CD571224296A84BD35DEABBBD5C6244A44A65A6F9B550CB5134F57CA4731E8229D42D2D701DE14E5A6D3AA4075368A2801B453A9B4005252D154030D253DA994011B5253DE98D5421B45142D324751452D22870A75369D40C28A5A281094DEF4EA6F7A00B11558155E2A9C54C87124A28A2B3341D4DA28A0646F51354CF50B5510C6D3969B4EA901E29C2A35A905050FA5A4A55A0075369D4D6A0630D44D529A89A82089AA17A99AA17AD224C8AEEB516DA99E936D5199114A8992AD32D31969925565A88AD5A2B5132D3B9322AB2D3196AC15A8996B420622FCD532AD3117E6A9C2D4CA408684A7ECA95569FB6A6E5A8954A7CD4E095394A02D2E62B948C2D4AAB4E0B4E0B48B8C450B4F5A45A7AD4943969E298B4F140C7D396994F5A005A29286E9400530D2D21AA111B3544D523D44D4C86445AA266A95EAABD592C375395AA1FE2A912A58449C354A2A25A952A4B88FA5A169CAB5258DDB49B6A5DB46DA008B6D2EDA76DA705A006EDA705A5DB4EA0066DA6EDA976D1B68022DB4DDB52EDA36D0043B69A56A565A695AA111E2A365A9F6D34AD005575A85D2ADB2D31969C64458A9E5546D055DD946CAAB93CA52F22AA6A5BA0B4664FBCDF2D6D7954C92D5255DAE9B9694A45C2D177679FBABB9E7755CD365FB2DC2B3AB6CFE2AEB7FB2ED3FE7DD68FECBB4FF009F75A84A4773C541C795A38ABB67B8999CAFDEA8E1F3525561BABB8FECBB4FF9E229BFD9B6BFF3C453B483EB50E5E5B14A14F36DD1CFDE65A7F9157D60545DA176AAD1E556D191E64A3EF6867F954DF2AB43CAA468A9F30B94A1E553912AC94A0252E60E5236658919DDB6AAAEE6AC3B9F143452ED8515557FBDF355DF10CAD169AAA3F8DAB8376DCECD5CF526EF63D9C061213873CCEFF4BF12C5712AA4C8A9BBF896BA715E4362ECB32D7AC584BE7D9432B7DE645A983B938EC3469DA502DAD4E2A25A945548E0245A956A24A96A4B06A6353DA987EED48111AAEEB561EABBD691224572B4E44F9A976D3D16AC80DB48D4F6A6B503186A26A94D44D4C444D519A91A986A8088AEE5DA57E5AE03C5BE1F4B7559A056F29FF85BF85ABBF6AAF796B15E5ABDBC8BF2BAFF00DF3513873A3A70589950AB7E87825DC0C8EDF2D55AED35DD0E5B5B86474FF75BF8596B9EFECD6DFF0076B88FB4A55E338F322B5A40CEEB5E89E14D1165DD7132FC89F757FBCD587A26892DC5C2A227FBCDFDDAF4BB5B78ACED52DE3FBA9FF8F56B4617773C8CD71DC90E483D592D01A9C69BB6BB4F96075A8B67CD52D1400D55A76DDCB4E14668029CF6FBAB326B7647DC2B7FEF541240AD40196978C8B546F7546DBC3569CD67BAB32E74EDDFC34C9399BEBC9A76650CD59335ABCBD775755269DF37DDA83EC5FECD0071B269ADFDDAAAD66C9FC35DDBD82B7F0D53934BFF0066803921154C9156CC9A6EDFE1A83EC6CA7EED005448AAC24553A415324541432D1224995E456655FEED457F64970CCF1B6EABE907FB35623817FBCBBAB1A9052DCEFC0D7AD4BE1574727F607DFB76D6D69BA72C4CAEFF002D69F909F7B62EEA93622EDF99775651A7CBF19E9D6CC2538FEE15C1D51A56645655A555A7AA548A95D713C0939397BC09F2D5D827DB554253C7CB4126E5BDC6EAB4EAAEB5870CBB5AB5219F72D2195AE62DBC8AACADF3568C9F32D5174DAD5A44CE43D1EA50F55C2D3C2D0024E9BD6B126B5F9EB7F6D432DBEE6DD594E173A2955B687277DF2AB29AE6235D9AAAB5765AC5BED56C5720EADF6B57A9512DCBA9EB1E18957CA4AEDA1F996BCBFC3579B5517757A4584BBD1694A24170C4AD50BDBAB7F0D5C1D2936D224A3F624DDF76AD476A17B54DB69EB4C4336ED5A169ED4CA431F5997F06E6DD5A6B50DCA6E5AA426603414DF22B44C54DF2AB4E632E533FCAA6F955A1E5530C547307294BCAA7A255829404A5CC3E5188B5612902D3C2D4943C53A9A29D5250D34C34F3513551244F50BB54CF55A4AB89122277AA72BD4B2355491AB5898C88A596ABB4F4D91AA16AD22647ADAD2D252AD79A7A83A9D4DA7500368A751400DA29D4500369B4EA28018D4C3523546680237A6354AF513550A4145145324752AD253C522875028A5140C28A28A041494A6928192475645564A9C54C8224ABD29691696B3340A28A46A0061A89AA5351350485145140053C35328A009734BBAA1A6B353E50B9637D233D56A466A3942E4CCD4C66A859A8CD3B13CC296A89DA866A6355081A9B4515448530D39A98CD4088DA98D4F66A88B53264466A36A716A655902A2FCD56116A38D7E6AB28B52C22382D4BB6855A7AAD49AC6242CB462A42B46DA06336D3956976D3AA4A1B4EA29D40C169E298B4F1400EA514CA75003E8FE1A666866A0029A68DD4DAA108D51354AD51B532485EABBAD5835132D320876FCD4F55A29EB43088F5A9453054AB526B11EB4FDB4894F1598C28A7514011EDA76DA75140051451400514B450025376D3A8A008D9698D529A6355011D0D4EA6B50030AD336D4AD4DAA10816976539569EAB4072916CA76CA976D2EDA039487651B2A5DB4BB6973015F6526CAB1B68DB55CC4F2954A53765582B49B68E60E52BECA8CA55ADB48CB4EE2B14CA533655B64A632D170B185E20B07BAB2DF1AEEF2F76E5FF0066BCFE48991D94D7AD4AF144BBA47555FF006AB96D47C39F68759AD36344FF0032AB36D65AC668F5B0189E48F24CE6B4DB779EE115177316DAB5EA761035AD945096DCC8BF356068FA4C3A4ECB8BB745766DA9F37CABFF0002AE9626565DC19597FBCB441588C6D7F68ED1D89D69E1AA2A2A8F3CB4AD4BBEAB6EA5DD47287316378A466A83750CD521CC39DAA02D4E66A6356848B520FBB51A54B4C06535AA46A8DA980C351354A6A26A0431AA2355755D52DF4BB7DF37CCEDF7117F8ABCFB56F185DCECCA25F293FBA9F2D44EAA89D986C0D5AFAAD8EFAE6F6DAD7FD7DC449FEF37CD59173E26B6F992D7E76FEFB2ED5AF30B8D65DD9BE6A2CF51667FBD58BACDEC7B14F2784359EA7B04C96B7F62AF728AF114DFFEED60FF0062683BF7FDADB6FF00777FFF006357FC3775F6AD153F89A26646AC50D0FF006B793BBF75E76CFF0080EEAB9BD133830F4E719CE176AC748915B5858B3DB22A44137FFBD59B0F886DFEEDCFC8DFDE5FBB52F896F3ECFA3B8FBAD2B2A7FECD5E5F79A8B2BFDEA2A4DC1DA26D80C0AC4D373A9D4F5B86F6DEE3FD4CC8FF00EEB55A0D5E356FABBAB7DEAE934DF155C232A9977AFF0075FE6AA8D7EE2AD92CE3AD367A1D46D54AC3528AFE2DE9F2B0FBCBFDDABBBB756F19731E2CE1284B967B89BA80F4D65A6FDDA6413EEA2A00D52AB5003B6AB544F02B7F0D4B4EA00CE92CD5BF86AA4965FECD6E546F12B50073E6D76FF0D44D6EBFDDADD782ABBDBD0061C964ADFC354A4B0FF66BA4682A1783FD9A60732D65B7F8698F12C08CEFF756BA27B75FEED66EA560F2C1B516A2ABB4743A7074E33AC94F6393BCD51B732A7CABFECD47677EFE772D56DF439999BE46FF00BE69A9A24C8DF71AB88FA852A318F2C4DAF3D3EC9E77F9DD5CEDD5FBF9DC356A7D8AE7C9F2B6B6DDDBAAABE8D2B37DC6AA9CE4CE7C2D2A546FE636C757756552DF2D74D6EEB3C4AE2B9B4D12556FB8D5D269F6AF05BF35549C948C332A74A74F9E3B92ECA5DB52EDA76DAEC3E74805588DF6B533651B6802FA3EE5A6BAEEAAF13EDAB01976FDEA07F10CDB4BF76A4A6BD511CA393E6A9951596AAC7F7AAE2F4A00C6D56D77AFDDAE2AF2C992E376DF96BD1EE62F352B0AF6C372B7CB525C6463E952F91322D7A768D71BE25AF2D746825FF76BB9F0E5D6E45F9A948A47768DB969F55607DC95603564324A5A4A5A001A994FA46A0055A255DC948B4FFBCB40148A533655965F9A936D3B8AC55D94D2956B652325170B149928C5582951EDA2E1623C52EDA795A4DB4002D2D1450030D44D529A89AA89217AAB2D5A7AAF255C4C994A4AA5255D92A9495B44CE45392AB96A9E4A80D68647AF53968A757987A814514B52509451450485145154014DA7535A801AD4C34E6A61A008DE98D4E6A8DAAC89053A9942FDEA044B4AB4C5A7AD22C929452528A0029D4515231A692969280244A9C5409564512088F5A5A45A5ACCD0291A969280186A26A95EA26AA2428A6D3AA4029B43536800A0B52335319AA8914B530B530BD465EAB948E62566A66EA88CB4C2F4F945726DD48CD5033D26FA3942E4DBA8DD55FCDA6B4B55CA4F31659AA366A85A7A61969D89E6242D51BB546D2D319EAB945CC38B51FC551EEA9075A092C46B56916A0856AD22D6523588F55A7EDA1569D48D465145140C28A28A0028A6D1400EA5A4A28017751BA928DD400FDD4337CB4CA77F0D5084DD46EA4A6D048E6A8DA9D4EA0080AD30AD58DB4C65A7CC22AEDA705A9596942503102D48B48AB4F5A82A23D7EED4951AD49523168A28A9012968A2A8028A28A0A0A28A75480DA29D4D354021A89AA53513554491B4DA286A002929BBA933542245A916A00D4F0D521CC4F4530352D031D45145003A9B4EA6D5086B2D253E9B400CA695A929AD401115AE4F5EF103DBCAD6F6CDB71F2B32FDE6AEB1FE50CD5E63A95BCB2DC337AB5673676E029C2736E4577D4A6965DCEEC7FDE6AE952FD25F0D233FCCE936C5FF00D0AB95FB14BFDDA9D12E561F2BF8376FDBFED56699EAD4A719DBC8E83C437EAB0D9450FCAA2157FF00BEAB12D759B8B57DD1CAE9FEEB545345713EDDFF003615517FDD5A88584BFDDA1B1D3A74E30E491E89A0EB3FDA513249B7CD55DDBBFBCB5B55C2F85D2583528B3F75B72FFE3B5DC16AD20EE8F17194E34EA7BA3B751BAA2DF48CF5A1C7724DD49BEA2F36A279555598B6D51F7A97285CB0CEAABCD45F688BFE7AA7FDF4B5E6DE20F11CB7170D876545FB89580BABBEEFBD59FB43D7A5954E51E66CF718BEED495C07847C42FF00684B699F741236DF9BF85ABBF6AD212E63CFC461DD09D98C6A6B539A9AD5662466A36A90D50D565F234ABB947DE589A82A31E69289E5FE2AD65AEAF657DDF2EEDA8BFDD5AE22E2E19DDBE6AD7D61D99DAB0995B75706E7DCE1E946104A234B558B57DAF506D6FEED39559683A2D73D23C13AA245F6B8646F94279ABFF01FBD58A352FDF79DBBE6DDBFFF0066AE7ACB5196CA5774DDF3C4F17FDF4BB6A2FB5352E77B1C6B069549CFB9E81E38D455A5B5B746F97CAF35BFE05F76BCEAE5F73D5DBFD4A5D465595FEF08922FFBE576D673EE66AA6F9DDC784A1EC29A80DDD53433B232FCD55F6B7A5382B523ACEDFC39AA345708DBBE5FE2FF0076BD0D1EBC834776575AF5AB0FDFE9F6EFFDE45AE9C3CBA1F2F9DD18A929A2D8F9A9DB2989F2D4B9AEA3C02364A4DB52E6A0B89D2DE1795FEE85A0718F34B9624A29D5C0EA7E2399E56F9F6AFF007569963E25B84755F38EDDDF777563ED91EA472AA9CBCD73D0696AA585EADEDAACC176FF000B2D5ACD6919731E6CE0E12E560CB51B25499A2A882B34551BC1577146CA00CB782A2682B55A2A89A0A00CA682A2682B58C151B4140EECCA68293CAAD168298D05017667ECA3655D31531A2A62BB2AEDA705A93651B690C66DA0A54BB69DB6802995DBF35655CDEBEFDA1AB7264DD0BE3FBB5CCDC232CAD594E477E0611D59A3637ADBD54B56D15DCB5CC5A2B79B5D2C4DF22FFBB554A42C7423A304F96AD44CBB6AAB54A8D5B1C04CD4C7B7574FBB433EEAB16ECADC1A990A2735AAE9BF23385F9A8F0F5C6C97637F0D6FDFAAF94D5CADBB7D9F526C7DD2D48A3D3EC65DC8B57435626953EE896B6037CB59964C1AA45AAE1AA40D4012D2352AD14804A78A652AD000CBF35253CD32914376D34AD3A9AD4011B2D46CB529A61A64913536A46A6D021B4EA28A6031AA2352BD446A89207AAD255B7AA9255C48914A4AA5355E92A94D5B44C645192A0353C955EB4323D869CB452D7947AC145145000D494B494121451450014D6A7535AA8063530D3DA98680226A8DAA46A8DAAC890945142D021F4F5A62D3D690C92945253D6A4B0A5A28A0046A67F153E9BDE80254A9C5409538A245224A2928ACCA168A28A008DEA06A9DEA06AA2428A6D3A8006A652B52350034D44F521A89EAA2448899AA276A73B540CD57146520DD4DDD49BA9BBA9D843F75233537752335000CD51B350CD5116AA26449BAA32D48CD4DDD5440E66A6EEA616A70A603D6A54A896A68FEF5290D1721AB2955E3AB0B5848D624AB4E34DA1AA0D42928A2A8614DA7536800A28A28102D3A8A2818D6A169D45020A3F869B4D66F9682476EA375337537755089E8A895A9EAD40C7D215A55A2A408B6D1B69D4505053968A55A901D4EA8E9C1A818FA2933466800A334DDD4DDD4012514DDD46EA007D14945050FA69A292800351353CD31AAA249196A616A0B530B550A405A9BBA98CD5117A645CB0AF522BD53DF4F47A3942E5C56A7AB55747A786A432C2B53AA00D4EDD4144B4533751BA801692A96A97BF62B4675FBE7E55AE61B59BBDFBBCE7FFBEAA5BB1BD3A0EA46E7694D6ACFD2AFDAF6DDB7FDF4FBDFED55E2D546338F24B958C3513449FDC4FF00BE6A466A6D324679517FCF24FF00BE56858A2FF9E49FF7CAD3E81487CCC1628BFE7927FDF2B4F58A2FF9E49FF7CAD029EB4073313622F4455FF7569A69ED4C7A09911335445AA476A80B5558CA43B75676BB3F91A3DC30FBC576FF00DF557B3587E2A97668FB7FBCEB4A7F09D1868F356823CCAFE5DF33553A9AE5B74AD510FBD5C47DA47E13674994A4AB86AF6BB697ED16904DFDF456FF00C76BC2EC1B6CCB5ED1A0BF9BA0D937FB1B6B7A27899BC34522FB535A9CD4D6ADCF0C8CD66EB68D2E93708159999557FF001EAD2351B53946E8A84B926A4790DFE8770EEDFB997FEF86ACFF00F8472E3FE7DE5FFBE1ABDA5D9BFBD50B337F7AB0FABF99EBC73A9C7A1E383C3970CDFF001EF2FF00DF0D43F87AE17AC2EBFF00006AF69B3FBECDBBEEAD67EACFF2B7CCD5C78897B3763D0C363E7515EC78F3E872AF5465A8FF00B19BFBB5D76A6FF7BE6AE79DFE6AE6588F23B7EB122A268CFBB85AB1FF0008F4DF7BC97FFBE6AD5B4FB5F76EAEEB45BF6BAB4F28B7DCFBB5B52ABCD2B339AB632708732479CFFC23B37FCF17FF00BE693FE11E9BFE78BFFDF35EB056A2746AEFFABF99E6FF006E4FF90F3CB0D12589D7F74DFF007CD77DA6FEEAC6288FDE5A6B6E5A40ECB5AC28F23B9C38BC7BC4AB345EF9691BE5A8125DD53AFCD5A9E78DDF58FE239D934D551FC4D5B0E958BAE59BDC5A6E45DDB3EF5454F84E8C1F2FB75CC79CDCBB34AD4C85F6BAD3EF226495A990233CAB5C47D8FD93D0FC2B3B35BCA9FC3F2B5745BAB9BF0E5ABC16FE69F954AED5ADDDD5DB4BE03E471F28FB77627DD4BBAA157A5DD56719386A7EEAAFBE9C1E819628DB5106A786A900294C3154AAD4B40150C54C68AAF6CA464A00CF31544D156918AA368AA80CC68A99E5568B455198A80286CA6EDAB8D15579D9608B79A92A3172972A23ACDBEB0DE77A2EEFF76A29B51766E1BE5AB36D71BAD65DCDF30DB50DC59DD0A33A3A915AD9795F3BAEDFEED5D5AA77971B228B1DD775568F51756F99B75119A44CE8CEB7BE6D2FCD45450CAAE8ACB563EF56C70CA3CB2B486AB54A8DB5B7545B6A4AA202E5B725733728CB75BEBA63F32D64DD41F354946FE852EE896BA646F96B90D11B6FCB5D5C6DF25448A24DD52A355566F9A9E8F5232EAB53EABA354AAD40C7350B45369012FDE5A653C531D6800A8DA9DBA98CD48A1A6994E66A8F7532446A6D39A9B40051453A9888DAA335235466A89207AAB255C7AAB2D5C48914A5AA13568C95426AD6263233E6AAE6ACCD558D6A647B1D2D14E15E51EB051451400DA4A5A4A0028A28A090A6B514DAA011A9869ED4C340889AA36A91AA36AB264250B452AD021CB4F5A62D3D690C9053D69829EB5258B4514EA901B494B495403D2A7150254E2A4A43E968A2A4A0A46A5A46E940113D447EF53DDAA2AA2429D4DA28006A61A73534D0030D44F4F7A85EAA244889DAABBB53E46A859AB48A3090668CD47BA93755087D0699BA8DD4140D51353D9A98D5466C61A6EEA0D3299214F14CA035004C2AD435512AEC35322916D2A65A8D2A64AC0D623D68A7536835128A5A280129B4EA6B350014DDD48CD4D2D413CC4BBA8DD50EFA5DF407312EEA6EEA8F7D34CB40AE3F7D05FE5AAEF2D5779E9A893CC5B67A15EA8F9F4F12D5F20B98BE1A943554596A50F4B94BB964353B7D421A8CD4F28C93753AA1CD2EEA394A25DD4EDD516EA5DD48093751BAA3DD49BA8E5026DD49BAA2DF4DDF472812EEA37543BE8DF4F943989B753B75401E9E1A907312EEA76EA8B7D1BE8192EEA37545BA8DD400FA63B51BA98ED54218CD503B53DEA176A64318ED5033D39DAAABBD5C6266D9307A955EA92BD383D1CA2E63411EA747ACD57A9925A3946A468ABD2EFAA425A72CB5362EE5D57A5DD5583D3C3D161DCC6F124BF2C49FECB35735BABAEBFD392F5B719595B6D73674E996EBCAD8DBB756328B3D4C35587258D5F0ECBFBE74FEF2D742CD59161A6AD9B2BF9BB9FF00BAB5A5BAB48AD0E2C44D4E7742B3526EA8CB501A9985C969C2981A9E28192AD2D22D2D2281AA37A91AA17A7126444ED50B352BB544CD566320DD593ADE9D36A312AC6CACA3F8776DAD3DD46EA24AEAC6B46B4A9CF9E2797EABA1DCD936E9A265CFDDFF006AB2A3B5767DBB6BD627FB16A4CD62ECAEC5776E5FE16AAB6BE08FF48569264F2BFBCBF79AB91D2EC7D150CC9727EFB46731A2F866FAF53CE86DD9915B6EE66DAB5E93A2585C69D63E4CECBF7B72AAFF000D4B6779A7A3358C0E91790DB153FBDFEED5D6AD61048F37178CAB5746AC863531A9ED5116AD0F3C4351B548CD5116AA0236A8D96A42D48D40027C9137FBD58BABBD6D32FEE6B1754FB95E362759B3DFC26904719A8EEF9AB9F95BE7DB5BF7EFB9D96B9EBBF965DD5C914774A43A266AEB3C3B2ED995777DEAE6224DC8AC2B7747F9665AD57BBA9CF2F7A3CA76C1A9FF002B555DFB69EB2D7BB1F7A373E724B96561CF16EAAEF155A0F4BB55AA8933D772B55B85A868A902ED6AA24B7B772D44F06EFE1ACABFF10C565B91155DD7F89BEEAD73F378AAE6E1F699B6AFF757E5ACA55628F428E5D5AA2E6D87EB7E1E7DED2C29BE26FEEFCDB6A9E97A0CAF2EE746445FBCCCB5D4E9779F68F0ECF289763DBB37CCBFF7D524D70CBE1D96EE4959DDDB62EEFE1FE1ACAD1DCEDF6F5D47D979D8B088A88A88BB5557E5A5AE3D3C4135BBED497E5FEEB56D586BD15D32A4C14337F12D6B1AD138ABE5B5A1EF6E6C6EA7668C5475A9E71266943D4346EA00B21E9C1EAAEEAA5A96A3F638786F9DAA64F97534A5095597223695AA50F5E76FAE5C33FF00AD7FFBEAB7346D6DE5956299F729FEF7F0D66AA23BAA65D38479AE7561E9DBAAA07A7896B43CE2D6DA6EDA62CB4F0F400D294C3154FBA968028BC5597AA5BBCAAAA8AD5D094A8DA2A1EA5D29F23B9C39D366FEE37FDF34AB6570AACBB5BE6AECCC5559E2A8E43AFEB8FB1C93D94CDD55BE5F96A0FECE9777DD6AEC192A078A8E40FAF3EC6559C4D145B5AADAB539D299F76B58E871D59F3CAE3CB53775216A6D320943557B85DD52D359772D004FA62ED75AEA216F92B9BB15DAD5D0C2DF25432D0E76A11AA376A40D401791AA756AA48D5611AA40B54DA686A75218F5A732EE5A62D4A28029B7CAD48CD4F9D76B5572D408566A4A8F751BA80B925368DD450014EA168A6046D4C352B5446A89227AACF56DEAABD5448914A5AA335684954A65ADA265232E6AACCB5766AAACB5A989EC34E14DA70AF28F5875369D4549447494AD48D54485369D4DAA2429B4EA6B5002354469E6986A8431AA36A91AA36A64C84A55A4A55A043969EB4C5A7AD22C9053D69829EB5231569D4DA75480D6A4A56A4AA01E9538A816A51400FDD46EA66EA766A4A1FBA9A5A9334D2D458089DA99BA95EA3AA24928A4A2A4A0A61A5A434011B5577A9DAABC957132915646AAACD4F99AAB97AE88C4E7931FBA8DD51E68CD1CA049BA8DD51E69775201DBA9868CD34B50035A99435369923A8A6D3A80254ABF0D672355C89A948713412AC2D5489AAC2B5626D126DDF2D14CDD4EDD526B116928DD4D66A0019AA22D416A89DEA899033D44D2D42F2D577969F291265B69E9BF685ACE69EA36B8ABE42398D46B85A635C5651BAA89AEAAA300E634DEEAABBCF59AF71FED533CFABE426E692CF52A4F59027FF6AA549E9F285CDA496AC24B58F1CF56639EA2512A323551EA4DF54125A97CDACAC5F316B7D3F755457A90352B151913EEA766A056A76EA431FBA8DD5133534BD01CC4ACF4C67A859EA3DF5562398B1BE937D572F5197A2C4F31743D4AAF59E25A944B458AE62EEFA76FAA7BE9DBE9729572D6FA7EEAAAAD4F56A3942E4BBA919A9BBA82D40C63D5776A99EABBD11132BC8D54DDAAD4B54646F9AB58983177D395EAB97A687ABB11CC5D0F5287AA0AF520968B15191A0AF4F0F54165A93CDA9E51DCD012D4575A8C56716E7F999BEEAD55F3EB3354826BA7564FBBB694A3A1B51E573B4C27F104D2B6D4DA8BFECD6AC7A8AB69BF682DF32AEDFF00815735FD9B71FDDA996D6F56DDA1DADB19B7564AE7A13545A4A2D1621D7A689B6EEDCBFED56D59EA49789C70C3EF2D72FF00D9771FDCAD0D2ED66B59B73AED5A4B989ACA8B8DE3B9D16FA706AA5E6D4C8F5A729E7F316C354E2AAA35584A82D13AD2D3053E916235412354A6ABC8D4E2432BC8D5016A256F9AAB5C4BE55BCAE3F8559AB6FB264BDE97299BAB78852C37450ED671F799BEEAD71D7DE23B9B866DF3332FF77F86AA6AAF2BCADF7AB27CA7FEED70CE6D9F5986C0D2A51F33A6D135768AFA294B7DC6DD5EB73DE259E952DDEEF951372FFB5FDDAF07B4DF13AFCB5DA5E7885EE3C2D69A78CF9A8EDE6FFBABF73FF42FFC76853B233C660FDA4E12898D79AA3F9CCDBBE6DDBAB474DF16DE5AB2AA5C3327F71FE65AE6665777DDB698A8EBFC359F31DEE84271E5923D8F46F1043ABAEC2AA93EDDDB7F85BFDDAD52B5E4FE1CBA96DEF617F9BE4756AF5D6AE9A52B9F398FC32A33F7766573503D5A3513AD6C7015CB530BD4AE9503AD005C2BFE8A9EEB581A8AFCAD5D14ABB6D517FD9AE7AFBF8ABC5ACEF23DFC3FC28E1AF9B6DC3564DDA6E6DD5B5A944CB2B35644BF72B9E2763196CFB62DB5B5A4CBB5F75736AFB5B6D6BE94FB5EACCB94EE99B7A2BFF796A2DECB56AC57CFB45DDDA926B5AF6B0F2BD347CEE2636AAC804F53A4F545D191A903B2D6E63CC6A8977557BC97CAB49651F7957E5AAE92D2CDFBF85A22DF7AA65B174B979D731E77A94F2BCCDF7AA8A33AB576F2F869657DDE6A533FE1155FF9EA95C9ECE67D3C730A118EE6469FAB3DAE9F7B6DF37FA42A6DFF0080B7FF00134F9B5667D112CBE6DDF68695BFDDDBFF00ED56AAF867FE9AA53C785F77FCB64FFC7A8E49997D6F0BCDCD738B91599B7558B1774997EF57603C25BBFE5B45FF008F55887C1FB5B77DA22FFC7A8F67336966187EE6AE8FBAEB4C463F797E5AB4F0558D2ECBEC16AD11656F9B77CB56DA256AEA86C7CD62396555CA3B18AD13530A56BBDBD577B7AB31334AD731E2395BED1B3FBAB5D93C15C46BCACF76EC17E5DD59557A1E8E5B1FDE5CC2AB9A7CAC970B551976D58B547F3970B581EECBE13D0D25DC8ADFDE5DD4F0F552D1B75A45FEEEDA996BAA3B1F27515A4D13ABD4A92D57A515449704B5207AA2AF4F0F5205D0F4FDCB5495EA412D0059DBBA9862A62CB52ABEEA0A2BBC1559E2AD2F95A98F16EA09321E2AAAE9B6B65E0AA534154050DB4ED94E75DB4DDF4C4359699FC54E2D51EEA00BF68DF3D6D42DF2D73F6CFB5D6B66DE5F96948712CBFDEA6AD0DF35382D4944A95323557152A5005B46A786AAE8D53AB54812AD3C544B528A4322B85DC959AEFB5AB5DD772D62DE7C8F4D1120DF4E0D54F7D4A8F55CA172D6EA5A8C3548B523245A285A5A0A18D4C6A7B535A8110BD577AB4F5564AD2267229C954A55ABF2D529AB4898C8CF996AAEDAB732D57DB5B44CE47ADD3A9B4EAF24F5075145141434D31A95A91AA890A6B53A9B5448DA4A5A4A0069A61A79A61AA10C6A89AA56A89A99320A28A2810FA7AD329D48711E29E2981A9C2A4B24A29296800A4A29A680254A7D441AA4DD4006EA37514DA0076EA37547BA919EA806BB53377CD4D76A40D40898514C0D4ECD6658A6985A82D4C2D5448D6AAB3355876AA570D57133652B86AADBAA599AAAEEAE989CF225DD46EA8F751BA8112EEA37545BA8DD4809375359A9BBA919AA405A2937515448B4E5A652AD0512AD5846AACB53254C8712EC4F5615EA925580D594A26912C86A7AB540AD528A93443F7530B51BA919A818D76AAF2353DDAAAC8F4E2264323D50965A9667ACDB896B5513294873DC5406E2A9492D5769EB48C4CB98D069EA279DBFBD545A7A634F571196DA5FF6A9BE7EDFE2AA4D3D33CDAA034167DDFC556639EB183D588E5A0AB1B492D5A496B1E396ADC53D43881AE92D58496B2125AB092D44A25731AA8F52ABD67C52D4E25ACA511A91755E977D5457A787A9B15CC582D4C2D4CDD4D67A039873B544CD4D2F50BBD69132948959EA22F5197A617A7CA2E62C2BD4A1AA906A787A394398BA1EA40F54965A951E9728E322EABD3D5EAA87A7AB54F297CC5A56A76EAAE8D526EA92A20D50BD4ACD513B5302A4D59B337CD5A570D597715A44C6642CF4D2F4C76A8B756BCA644AD2B52ACF5599A9BBA9F28B98BE27A5FB47BD67EFA04B4728EE6979FF00ED52F9F59E1E9E1E8E52B98BBE7D384B54B7D3B7D2E502F2CF4EF36A82BD383D1CA3E63404B56A27ACB47ABB0B56522D1A51B55C46AA11B55B46AC99B444BFBD5B2B7DFF0079CFDD5AC21E20BADFCBEE5FF76A6F10B333A2FF000EDAC0AC5CBDE3D5C3518725D9DCDA5D2DE5AACA176FF0B2D3266ACED059BECB2A9FBBB96AF4CD5B40F3B10B926D44A533556955658990F75DB52C950EEAE8E5D0E48CB965CC644DE1CB795B7195BFEF9A8BFE117B5FF9ECDFF7CD6E6EA37567EC61D8ECFED1C4FF0039910F852D9E555F39BFEF8AD84F02DB327FC7DBFF00DF153D8FCD70B5D2A7DC5ACA74A05C31F5DF53936F01DB7FCFDBFF00DFAA8CF81ADBFE7EDBFEF8AEC1AABBB6D6A9F65134FAF57EE73B0783EDEDDB70B966FF0080574DFC35106A7D5462A3B1855AD3ABF1B18CD51B3538D31AACC48CB54669ED4C35408BCFF344BFEED73BA92ED66AE8BF817FDDAC5D4E2F95ABC1A87D05038BD515B73573B71F2EE5AE9F55464F98D72D76DF3B56313B3A19F27CAF5A9A63FEF92B3656DCDC55ED37FD6AD324F49B39562B489BFBF5704A8EB581733ECD3ED31FED7FECB45BDFB2FF00157B9865FBA47CEE2DFEF99B925BABFDDAA135AB2F4A9A0BD57FE2AB9B91C56A7398AC8CAD4E0D5A135BAB55278B65500A8D52B55746AB0B400C6F968DF4F2BBA98C940872CECB534575FED554656A66E65A00DA8EEBFDAAB2970AD5CF895AA64B865A3946742AEAD4BB55AB1E2BA6AB71DD548169A056ACFBAD1AD2E15BCC897FDE5FE1AAF7DE2686D77246AAEFFDE6FBB5813F896E2E9F63BFC9FDD5F956B294E27A187C2D67EF4742ADE787268AEB6089997F85957EF56D586830DBC3FBE45697FF0041AE874D9D6F34D8A5DDF36DDADFF01AE4750D6654D425785F6AB37CBFEED2F756A6FCF5EBDE9ED6373C8555DA176AD0A95976BE23576559D15BFDA5F96B762D93C4B2C6DB90D6919A67056C3D4A7F195F6D1B6A72946CAD0E720DB46DA9F6D37654811526EA9B65214A008C33548B2D359298CB4145B49E9EB2D51DCCB4BBE80347E56A89E256AAE93D4A2756A00A5716FE959D2C4CAD5BC76B2D539A056AA24C76DD4DF9AAFBC1B6A078A988891F6D695B4F598CACB52C2FB5A803A285F72D5815976D3D68A36E5A81928A7AD3453E801CB53A3540B4F56A928B01AA55AAE1AA556A064F58DAAA6DF9AB555AAA6A316F85A88FC4297C273C1FE6AB31BD506F96565AB11B56B232897D1AAC2D5389AACA5448B896169698B4EA9281AA36A91AA3A008DEAB49565EAB495513391525AA9255D7AA7256D133914665AAF8AB325435AA323D529D4DA757947A63A8A28A0A236A46A56A46AA2429B4EA6D51236929691A801A6A26A94D44D54211AA26A95AA26A64C828A28A6216A45A6D3AA471156A4151AD48282C514EA68A754805368349400A1A9FBAA3A3340126EA616A616A617AA112B3546CF5117A8DDDAAAC44A43D9FE6A15AAAB3D383D27108C8B6AD4EDD5006A76EA45F312EEA8CB526EA633501CC0ED54A66A99DFE5AA533D6914653915266AAECD524CD55B757444E7912E68CD45BA8DD4089734BBAA2DD46EA9025DD46EA66EA375201D4B4CDD46EA007D396994A280275A9855756A94354945846A9C35530D5287A89151916C3D481EAA87A76FA9B1AF31659E98CF50EFA8D9E9728730E77AAB2BD0EF55657AB8C496C8676ACD9DAADCCF59F3356A8CE45491AAABD5896AAB558861A616A79A61A7118C6A6EEA1A98DD2B4088F56A991AAB2B7CD532549A97636AB9135508DAAD46D524C8BC8F5651AA92355846A4448BD1BD580D5451AAD06ACA41CC580D4F0F554353B7D2E51DCB7BE919EAAEFA633D1CA2E62632D42EF51B3D445AAE312398977D319EA22F48CD4F949B926FA903D55DD4E0D47285CBAAF4F496A9EEA723D2B15CC69096A557ACF47AB31B547297191751AA5AAE8D53E6A64691076A81DA9EED50BB52288246AA370B575EAACB5A44C999B22D577ABAE955D92B6898CA2572CD4DF9AAC6CA3CAAA17295FE6A3E6AB6B151E4503B1586EA78AB1E4537CAA02C461A969FB36D1B68019B9A9CAD4B4952516236ABF0B566A55D85AA245C4D385AAE46D59D0B5437FAA35AFEEA3FBFF00C4D58CF43A6942537689AB7B6A9796AC876EEFE16AE75349B96B8D9E53FF00DF35126A533CCAEEECD86DD5BAF7E8B7570C1DB688B7AFCDFC558FBACF4231A94972976DE04B7B55893B7F17F7AA299AB985D4AE207F92565AD5B2D47ED88CAFF7C7FE3D5709239711879AF7C924A80D4F25406BA6279D21334DDD41A66EAA11A7A5AEE9ABA41F76B9ED153736EAE86B9E7B9D10F840FDDAA5355D3542FA786DD374CFB777DD5A934E572D22448FF355956DD5969750CEDFB97DDFECD588A5AA14A2E3A48B86A27A50DBA91E8022A6CABF2D3E91FEED005BDBFB946FF66B2352F991AB6957FD153FDDAC4D453EF30DCADB6BC59FC4CF76874391D61B7455C95CAEE6AE9F56F37E65F96B96995F73573C4EEE8552B5A3A7ED5955557735673AB6EFE2AD1D3D55655F96ACCCEC2FA0CE996AC3EF2EEDCDFF007CD63EF646AE9ED93ED1A6A6EF9BE6AC5D46C1937305AF6B092FDDA3E7B191FDF32286F195BEF56ADB6A3FED572AECF13735343755D4D1CC7711DD2BAD326DACB5CF5B5E32FF0015687DBD162DCEDB6B27A171F7B488FF00BA6A50F553ED514BF71F753D5EA8994651D19755E9E36B5540F53A3D004A537540F055846A976AB50067F954DDBB6AFB45513C5408AE1D969B7770E9692B2FDEDB5298AA274DCBB4AFCB4A5B170928CD499C4DC3CAF2B6775222BAB7DDAEBDB4EB666E62FF00C7A9CBA75A7FCF2FFC7AB0F62CF6BFB529F62869BADCB67A7DD5BED6DD22FC9FECB7F17FE3B59126F95F76DAEA858597FCF2FF00C7AA74B0B16FF963FF008F51ECA44431F46326D2DCE3551D5BEED76BE1577749627FBBB7754E9A6E9FFF003C7FF1EAD0B382D6D5B7429B58FCBF7A88D36A446271D4EB5370B169ADD6A2682AD2CAAD4FF95AB63CA33DA2A8F6569344AD5134140CA5B28D9568C549B2802AB454C3155ED948C94019AD1544C95A6D1544D05006636E5A6EF65ABEF6F55DEDDA80225B8A533AB2D46F035577475AA2491E55A8DA55AA533BAD5369DF75311A524AB50895775556DEEB4CF9968035A0B8DADF7AB6AD27DD5CAC2CDBAB62C65DBC1A1C4499D2236E5A7D52867AB4255A8341E16A45A6865A75480AAD5286A87752AB5005A56A1D77A32D315A9EAD4867357F07953B35451B56D6A16FE6A6E1586AAC8FB6B68BBC4C651B17636AB4954A2AB694A4389616A4A8D69D599A035369D4DA008DEAB3D597AAD25544CE45692A9C9571EA9C95B44CE45496A05A964A896B54647A9D3A9B4EAF28F4C75368A28280D31A95A8AA244A6D3A9B5448DA1A9D4DA0061A89AA534C354218D51B54951B53264252D252D021CB4EA6AD3A9162AD4951AD49523169D4DA750034D145140094D34EA8DA88808D5135296A8D9EAE266C0D44ED4D77A859EB548CDB10BFCD481EA277A884B4729173403D4BBEB3C4B4FF0036A794D798B85EA32F55DA5FF6AA279688C41C895E5AA933D35E5AAD24B5AC6265290D95EA0DD416A66EAD8C47EEA375479A3352049BA9DBAA1CD19A404DBA8DD516EA76EA404A1A8DD51EEA375202714E0D502B53D5A9013AB53D5AAB86A7EEA9289C3D3C3D5756A37D0516C4B4EDF54B7D2F9B4B947CC5A32D30CB554CB5134B4728EE58796AB3BD46F2D577969C622E6099EA93B54AEF55D9AAC9E6227AAED53BD40D5422234C34F7A89A99431A98DD29ED4C6E954388D1F7AAC25571F7AA78E837B1652AD455552AD2541122D25584AAA8D53AB506722D06A991EAA06A786A9E52398B7BA8DF55C3D05E8E50E627DF5197A84BD31A5A3949B9317A899EA167A6EFABE523989F751BAA0DF46EA39409F753C3557DF4BBE8E5193EEA706AADBA9C1E9728B98B4AF56E17ACD56AB50BD4F297191AA8D52AB55489EA5DF59B89D119133B7CB50B3505FE5A83751CA3E61CF55DEA42D51BD388A45675A84A55865A632D5C489106CA704A7EDA72AD508684A7ECA72D382D0047B29192A6A46A605765A8D96AC15A8D9682481A9BB6A42B4DAA01C95663AAEB53A356522E26846D542F34D9AEAE19D3EEB37F7AACC6D56E27ACE70B9BD1AD2A72BA321744B9FEEFFE3D4FFEC8BDFF00D97EF56F23D3F7565EC91D5F5C99CDB68973FDDFFC7AAC5869D35ACDBDD7E5FF007AB64B544F551822278B9CA36640F55CD587AAEF5BC4E19113533F8A9CF52D8C5E7DC2AD5106F69106C8558D6A5450A2A44AB52D7333AE2AD10AE47C432B3DF3AFF08F96BAEAC5D5EC92F7E68593CF0BF32EEFBCB59BD8E9C34D29EA73DA5EE5BE4FF7ABA164656A834AD392CDD65B964576FB8ACD5AAF16EAA8062E6A53F74A88FB6A5DD4D68B6D336B2D59C83F7530B51BA845F365541FC4DB68652355576DBA2FFB2B591A8AEE46ADB7DBB76FA5636A3F75ABC799ED52D0E37544DCBFF01AE56E53E66AEBF52FE2AE4EF3EF1AE5EA7727EE996DD6AE59B7EF6A9FF155CB2FF5ABFED3559077BA536DB15CFDDDD572481275ACFB3DDFD98AC3FBF5660B8DADB4D7AF85FE1A3C3C67F199957FA32B6E60B5CECD035BBD7A1C8C8F135713AF6D476C575291C7CA578A5A82F6E9B7AAEEA86DE5A75CC5BDB7A7CD535763B307CB19FBC4D6170CB70BF357448F5CC595BBEF573F2D6FC4F4A98F1D28B6B94BE1EA60F5511AA646AD0E22D07A9D25AA61A9E1A80345595A976AB55247AB092D2192345503C15695F7538AAB500673454CD95A0C94C3150052DB4E5DCB5318A93650008ED5323B54216A45A00B093B2D5A8EEAA8EDA55DD5206BA4FBAA55756AC84765A9D276A0A3436AB53592A249EA557A0066CA36D4B4DA0919B68D94FA75005768A9860AB746DA928CF6B55AAF2D96EFE1AD6DAB4C65AA03026D395BF86AA3E97F37DDAEA0A2D42F02B51CC49CD7D8B6AFDDAAD359FCBC2D7492C15525B7AAE6030113637356A39555AACCD67E9549ED591A990695BDC36EAD28A566AC2B46656F9AB5EDDD6A19712F23B54A1EA1465A968024DD4E56A8734F56A928995AA50D55D5A9EAD4864E577A6DAC5BCB5D8FB96B603532689654A717606AE61C75691AA19A2689E951AB5332E86A7EEAAE8D5266A0649BA93753334D2D400E76AAAED52BB55591AAA24C889DAAA495348D55656AD226322B4AD5006A7CAD50EEAD5191EB0B4FA652D7987AA3A8A28A9286B5145154489452D25048DA6D48D51B5500C351354A6A26AA108D51B539A98D4C99052AD2514087D3A9B4EA4388AB525474E14143E9D4CA5A91852514D2D4001A6351BA9ACD5429113B542ED52BB55676AA4432376AACED524AD55657ADE3130632496A0F369933D5577ABE533E62FACF4FF3FF00DAACAF3E8FB4351C81CE6AB4FF00ED544D3D67F9ED479ACD472073969E5A899EA0DD46EABB1372466A8F7526EA280177526EA6D14123B752EEA65382D480FDD4ECD474500499A5DD516EA3752027DD46EA8B751BA8289B7D3B7D57DF4EDF53CA058DF46FAAFBE9BBE8E50B960CB4C696A067A88BD57285CB267A8DA5AACCF46FA3942E48D2D46CF4D2D513350038B544D4FA6D494466A27A98D30AD5015D96A23561D6A275A0A2BB531AA56A8DAACA4307DEAB095122D4E9527444992AD25574AB09484C9D1AA50D512D3C5060C955A9EAD508A7AD07392EEA29B45301AD51B3548D509AA420DD4DDD45255085DD46EA65140C943538544B4F15203F751BA9945003C355A85EA955881AA4226944F5307AA88D5386A8944DA24CCDF2D33753777CB482A0B1F4D34506802265A4DB4F34DAA10CDB4514EAB1052D252AD003A8A28A00615A8CAD4AD4C6A6042CB4DDB4F34868246D4AB4CA5148A2C46D5691AA92355A46A86522DA354AAD55D1AA556A9287D35A8A1A80217AAEF569EAB3D5225951EB5F4483E6DF5945773574BA545B2DD5A87F08A11D4D0A7514560741CEEBD7B2A4BE4C6C55557E6DBFC55976178F6F3333FCCAC8CBFF008ED75F2D95B4EFBE48433547FD9765FF003EE959D9DCEC8578461C96394BCBC79D2154F97626DAB9A25ECDF68585D9991FE5DB5BFF00D9B65FF3EE94A9616D13ABA42AACB556639D7A6E16B0E64A88C556A9ACB5A1C0523154F6107FA46FFEEAD295AB16CBB626FF007AB1C44AD03A30F1E69923D635FB6EDDB6B5DDBE5AC3BF6FBDF35796CF561F11C9EA5BB732ED5FFBEAB97BC5DBFC55D46A4CDFDDAE62F3FDDAE7EA76AD8CC6FBD56EC57E75AA8FF7D96AED8FDF56AD4C8EFB4A4F36C9902ED5A99ECD97E6A8B41DBF2FDEADC7DB5EA60DFEECF1B1CBF7863B23AA571FE2046DACD5E8126CAE475F45D8D5D2719C6A4AB12EF73B56AC5B5EABB6DAA132C4FB50EEF96A4860456E19AA2ECEF82A1C9AEE6B3DEAC1B7F8AAEDADE24FD3EF5638B7573B8BB55DB5B7589F76EA7ADC5254392D7D4DD8DEA746AA113D5847AD4E02EAB5481AAAAB54CAD4013AB53C3D57DD4ECD005B496AC24B59BBE9E92D203515D5A9D54925A9925A064A5698529EADBA8A00836D3969ECB4CDB400F56A905414F56A009D56976D46AF4F57A90255F96A547A8372D3D6828B41E9FBAAB06A7AB5004DBA9D512B53835480FA29B45001451450025376D3E8A092174DD555D2AFD46E9545147CA56EB51496ABFDDAB6576D395772D049872C1B1A84764AD2B882A8489B6A80962B8F9AAE2CB58CCDB5AAE42FB96A40D00F4F56AA88D52AB50516C354AAD550354C1AA465856A9035560D52AB522A232E60575DD597B7636DADBFBC2B3AEA0DADB855C2444D1106A90354029E1AAC825A42D42D35A900D76AAD2B54CF55656A712645791AAB48D56256AA72356B132915E46A895A9CED515691323D7695698B4E5AF2CF547D14DA2A4028A28AA00A28A4AA2429AD4534B50030D42D52BD44D5421B4C6A5A46A640DA7536928024DD4E56A8B75395A8192EEA556A66EA752287EEA37533751BA801FBA985A9BBA98CD40730A5A985E98EF503BD38C4894891DAAABB50F2D55965AD6313372095EAA4AFB696496AA4AF5B4518B63257DD54DDEA495AA2DBBAACC86EEA3753B6D2EDA00456A7AD1B29DB6A79801696855A902D2E6288F6D15262976D1CC1622DB46DA976D3B6D1CC572916DA36D4BB69BB6A7983946535AA4351B5512337534B505AA366A64926FA37D425A9BBE81F3163753B75439A5DD40897751BA994AB4140D4C2B53EDA6B2D0162165A6EDA9B6505280B15D9690AD5865A6ECA457295F6D3B6D4BB297654945765A632D5A64A89D6A892A95A81D6AE32D4456828A4EB50355D74A84A53291122D5845A6A254E8B48DAE3916AC22D3516A745A05290A8B5285A116A555A9326336D1B6A5DB46DAAE631647453B6D35A992235446A5A61AA0226A6D39AA3AA10EA29B4EA6039695691696900EA29B45003AAC4355EA687A548CBA952AD428D532D448D6249FC34D14337CB4C0D505935233547BE9375002B5319A9A5EA12F4E24364BBE857AAACF49E69AAE517317375395AA979F4E59E9F2873177751BAA9F9F4EF3680E62D6EA8CB543E6D1BE80E625A6D337D1BA801D45368A4512A355A8DAA925598EA0A45C46A9835574A9C549448B43522D2B52288DEAB3D597AACF4E266C855774AA2BACB35DB6EB5CC5B2EEB85AEB215DB12AD132A03E8A28AC4D429ACD4EA635300DD4B4945002D26DA3751BA801AD52A2ED896A26AB07E55AE6C5CB448EAC24756C865FB9583A837DEADA9DBE46AE77507FBD5E74CF4E91CE6A2FF007BFDEAE6EE5BEF56DEA0FB55BE6AC099959BEF2D62767D9299FBF572C97E65AA9B7E6AD2B04F995AACCCECB487D912B55FB8BADABBB7563C6FE45BC0BFDE6AB12BEE8ABD6C246D4CF0F192BD42BCDAA6D7DBBAB0F55BDF351A997D3EC99AB1AEE7DCAD5D671C4CC66FDEB55A85B6D55FE2DD5323549A17E27ABF0BD64C6D57637AB891235227AB48F59B13D5B8DEA845F46A98355447A9D1AA40B1BA977542AD4F56A00977501A9945004AAF522CB55A8DD401A093D4CB2D672BD488F48668EEA3755512D3C3D004F45461A9DBA801D406A296802457A903D57A903548160353C35401AA40D4144C1A9DBAA20D4E0D40132B5383541BA9CAD5204D4545BA9DBA801F494DDD46EA0075151EEA3750031D698ADB5AA57F996AABB6D6AA02775DCB54268BEF55B89F72D24AB4018132EDA2DA7F9B6D58BD8B6FCD591BF64CB5449BE8D5287AA114BB955AA757A902D87A9D1EA807A9D1E828BA1A9EAD5543D4A1AA465B56A254DE9512354AAD48A329D763D395AA6BB4F9B755615A44C644CB4D6A1686A6046F555EAC3D55969C4CD95656AA92355B92AA4B5AC489155E994F7A8AB522C7AEAD3AA35A92BCA3D10A5A4A2828296928A0029B4EA6D5123691A95A9868018F51353D9AA22D5429094D34EDD4DDD4C8128A29B400EA51499A2818FA7AD441A9DBA900FDD4DDD49BA9BBA801CCD513BD05AA076A7188A521247AAAF2D12BD5477F9AB551329485796A177A697A84B56918912903BD5776A91AA365AB899322DBBA8D95304A76CA3982C40A9522A54C12A509512915CA55D9414AB9B28F2AA3987CA53DB4E55AB1E553B652E6115B6D3B6D4FB297651CC057DB4558D946CA398A2BEDA695AB5B291928E602995A89EAD3A542EB571912557A819AA77AAEED571224465A80D4C2D481A988995AA50D502D5945A005152AAD08953AA52E6348C4685A76CA902549B2A798BE52BECA36558D946CA571D8AA529BB2AD32531968B858AFB28DB52E28C50040CB5115AB456A265A62915596A2295719298C95405274A88A55D29513A5011915556A545A3653C2D4F317CC3D16A745A622D5845A5726E2A2D4AB422D4816A7985290DA29FB69DB6AAE4106DA4DB5636537653E624AFB698CB56996A22B571912552B5132D5B2951B2555C441B69DB6A5D94629F30C8A96A4C518A6047453B6D36801D5621AAF5621A00B4952AD449532D65235888EDF2D47BAA47FBB51AD4941453B6D0D48085EA066AB0F555DAAE244863D44CD521A89AAC8906EA379A6D14123C3B5481AA0A7AB500580D4EDD5106A786A063B753969BBA9CB5250F14EA052D417100BF355A8D6ABA55A8D6A0B44C8B5385A8D16A5148D072AD2EDA72D3A81F2903D577AB4F55E4A3989E50B15DD74B5D427DC5AE6B4F5FF004AAE957EED12088EA28A75646834D369D4DA60148D4ACD5116A000B50B494F55A002A73F32D562FB6ACEDF96B8F17D0ECC275336E98A232D731A8CBB97EFEDFF0080D75B77F7596B92D5D36A6D4F95ABCFAA7A944E4EFD53E6CBB35634AA8ADB4355FD4565FF0065AB2DD656E7E556ACE27532544AD5D39773AAA7CCDFC4DFDDAC78959BAB56FE94BB5D5455C4C99D0DC40DF67857D1775452EE586B5522DF6EAD556E60DB1357B587D29A3E7B11AD5670DABBB2CDBAB21DF756BEBABB5EB08BD6ACC90EA50D50EFA556A0A2E44D56E36ACF46AB28D542668C6F56E27ACD46AB513D320D247AB08D59E8F5691EA80BA1A9EAD55C353C35481637515106A76EA00968A8F753A801CB4F0D5153B75004C1EA50F5555A9C1A901743D3C3D5457A787A065B0D5206AAA1E9E1E802C2D495583D481E80260D4E56A883D383548136EA706A80353C35004E1A9D9A815A9FBA82897751BA99BA9D9A005DD4EDD4CA334123E8A66697754943AA0916A5DD5148DF2D00448DB5AA76F996A933ED6A9925DCB54057BB8B72573B769B5ABA776DCB581A8A7CCD412259CFB936D5B0F58B692ED976D6A06AA02DA3D4C8F59E1EAC23D4817D1EA647AA48F52A3D4945F46A991AA92355946A431F70BB92A86DF9AB47F86A9BAFCF571218D0B43539686A039485EAAC956DEAA4955164F294E4AA5255D92A94AD5A448944AEFF0076A1FE2A95DAA2AB1729EB94EA652EEAF38EC24A6D37751BA801DBA8DD4CDD46EA007D3693751BAA801AA22D4E66A8DA8018D5116A7B546ED54448334DDD4CDD46EA621FBA99BA9ACF4C67A64F3136EA37543BE8DF48772C06A7EEAAA1EA557A43B9233546CD49BAA32D4C01DEABC8F4E76AAF26EAB8C4CDC88267AA4F2FCD53CDBAA9B2B6EAE88A3094890BD3775336B53B6B55922526DA76D6A4DADBA80240B4AA94E456A9552B2948A88D0952AAD382D3C2D63291630253F653C2D3F6D44A405764A4D9561969BB6A798087652ECA9F6D1B68E61106CA3654FB68DB4730C819698CB560AD30D57308A8EB55645ABCF5525AB8C89914255AA92D5D9AA948B5B44CCAAED42523FDEA54AB02C4757235AAF12D5D896948A8C49516AC22511255948AB2948DA3118129E12ACA41522C14B98BE5296CA465ABDF67A436F53CC1CA67B2D40CB5A86DEA336B55CC3331969BB6B49AD7FD9A16D7FD9ABB926695A4D8D5A7F65FF669DF65A2E4991E53534C0D5B5F65FF006698D6FF00ECD170B18A60AAEE9F2D6D3DBD55960FBD45C868CA64A685AB8F1545B6A45CC08B5322D468B5611697307312A2D48169116A645A9E6010252AA54EAB4F094730F9484454BE555854A704A398394A860A8DA0FF0066AFECA6B2557387299AD0521B7AD064A694A7CE2E5331A0A6B455A452A264AAE70E533F6534A55D294C2957CE4D8A456986AD3AD577AB8C891B5343D2ABEEAB10F4AA02E254CB514756516B291AC48DD7E5A8B6D5C65F96A2DB50591534B54ACB5115A0446ED555EAD3AD5675AB89122134C6A9596A365A66644D46EA73531AA803752EEA651BA80270D4F0F55D5A9EAD4013EFA7ABD41BA9C8D4016D5AA4A812A715948DE24895692ABA5584A8917189612A51512D482A0D6C48B4E66A66EA696F9690F94476AAB2354AEF54E47A7103434AF9A6AE97F86B9BD13E696BA0DD44882514EA88354A2A4A1B4DA92A36A4031A9BB6A4A36D301AAB4D76DAB4E66DB55E66A008BCFDD7512FABAD6BD62C09BAF62FF7AB6AB8F17BA3BB09B3295E7DD6AE4F546F99ABACBBFE2AE4754FBCD5E7D53D2A27217EBFFA15653FF76B4F516AC966F99AB189D6C54FBDB6B7F495DCCB58516DF36BA1D157E75AD22633F84ED204DB6A9556F576C4D579176C4ABFECD66EA8FB216AF760AD148F9BAAEF26CF3DF10BFEF76D73DBAB475C9F7DDB2D64E69B08EC4AB522D401A9E1E828B48D5611AA92BD4E8D544C8BA8D5651AA8A355A89AA882F46D56A36AA08D56A36A622FA354A1AAAA354AAD40160353F7557DD4F56A009E9775461A9435003E8DD49BA8A007EEA76EA8A9435004AAD5206A83753835202C2B53D5AAB86A786A00B41A9C1AAB06A903D032C86A90355757A7AB5004CAD4EDD506EA76EA902C06A786AAC1A9E1A802C2B53B7541BA8DD41458DD4EDD5006A76EA091FBA8DD49BA8A005DD487EED1450053957E6A747F769B71F2D451BFCDB6802776ACAD417E5AD091FE5ACFBCF9A2A00C0DDB2E2B551F72AD63DCFCAF5A16EFBA25AA02D6EA951EAB6EA72B5005F47AB08F59E8F5323D481A48F56227ACF8DAAD46D50597837CB55DFEFD4A1BE5AAEEDF3D3403F7534B526EA63B501CA35DAAA48D523BD5299EAA226472355291EA499EA94AF5AA2394476A88B535DE99BE9F30B94F62CD19A83751BEB8CDF989F34DDD516FA37D3E50E627CD19A83753D5A901252D20A7AD032234C6A98D44D40113D577AB0F55DEA8CD9135337505A985AA919F30E66A8D9A98CD5148FF002D50B98977D3B7D52F37DE8F37DEA49B9795EA50F59AB2FCD56A27DD48A8C8B5BA8A606A7D058C65A88A559DBBA9DE555C644F299B2C155FECFF0037DDAD8682A3F26AD4C87032FECFED4EFB3FFB35A7E451E45573872199F67FF668FB3FFB35A7E451E454F387219EB054AB155BF2A8F2A939058ABE551B2AD6CA615ACA522B9489569D43515048DDB46DA7D1520336D1B69F45500CDB46DA751401195A615A9698CB408AAEB50BA55D64A6F955712794CB7B7DD55A4B5ADDF2298D6F5B4642E43987B36DDF76952CDBFBB5D1FD8D7D29459AFF0076B5E70E43161B56ABF0DAD6925AD584B7A894CD23029476F576382AC240B56122AC252358C4AE9054AB155854A784A8E62F94ABE551E555DD946CA398AE528F914DF22AFECA6B2557313CA50F2293C8ABC5299B28E6158ABE453BC8AB1B69FB28E6158A4D0546F056832D44568E60B196F05549A2F96B61D2AA4C9F2D5F319CA26149155275DAD5B170959570BF3551CF318953254295612A642893255A45AAE95692A0B88F55A942D3556A50B53CC5C402D3B6D285A936D1CC322DB432D4BB68DB4730106CA4D9536DA6EDA39845764A88A55C65A632D57307294996A275AB6CB50BAD5C6422948B54E45AD0956A94CB5D10919B2B3558B7AAE7AD4D6F5A91134A35AB4955E3AB295848E8883FDDA654AFF76995031B5132D4F4C75A00AAEB55DD6ACBAD577AB89122B95A615A99AA33564113544D52B546D40119A2834DDD5403B34BBA99BA8DD401306A911AAA86A991A802EA35594AA7155A4ACA46D04584AB0955D2AC2563291D11893AD3C3544B4EDD51CC5F28FDD4C2F4D66A85DA80E5091EA94CF524AD54A56A68523A1F0FFCCDBABA06AE7BC39F72BA37AA9190D0D52A3556DDF354C8D52513D46D52536900DA1A9D4C76DAB401148D555DA9D2BD405AAC09ED7E6BB4FF007AB59AB334F4DD70CFE8B5A0F5E7E265EF9DF868FB851BC6FBD5C7EAADF7BE6AEB2F1B6AB3571BABCABF3579B5A47AD8789C9DEBEE66ACD1F36EABB78FF3B5524FBAF5940E898F8FEFFF00C06BABD05373AFCB5CB5BAFEF6BB2F0F27CEB5D5057924725595A0D9D4B7CAB5CEF88275485ABA099B6A335705E2ABFD913AEEAF7627CEB384D467F36EDDAABAB540F2EE766A679B5059737D2ABD52F36A547A605F46AB08D54A36AB08D544C8BE8D56626AA28D56E36AA20BA8D5692A92355A46A622DA354E1AAAA354A1AA80B0AD4F56A84353D5AA40995A9DBAA256A76EA009734B516EA706A007D3A994B400FA72D3296901206A556A66EA76EA0094352EEA8B753B75004C1AA546AAC1A9EAF40CB7BA9335107A6B3D00580F4F0F5503D3D5EA40B81A9775570F4F0F40164352EEA843D2AB5004FBA977557DF4E0F40163753AABF9B479D400B3AD67EDDAF56E69D76D5269558FDEA007C8DF2D5199F7232D5899FE4ACF32EE665A00CABAFBD562CDBF754CB94A8AD1F66E5AA034F7526FAACD2D279B5205E47AB28F59C8F56227A00D48DAAD44D54236AB71354165F56F96A12DF353C37C955D9BE6A0A88F2D513BD34B542ED40F946C8F54A47A9246AA52355C4522295EA9BBD4923555766AB2419EA3CD251B6A89B9EB65E9BE6D54965A89AE3FDAAC2C2E6343CDA165ACC37140B8F9AAB949E735D5EA40D59D1CF56D1EA251348C8B6AD5286AAA8D5386A82E23CB544D4E2D4C6A0646F55A56F96A676AAB237CB5466C84B544CD4E2D513569130634B557B87F92A52D55EE7EE554889157CDA76FA80D15988B0AFF00355F81AB2D6B46DDA90E268254CB55E3AB0941B44956A50B512D4EB41A06DA6ECA7D1B681F28CD946CA976D1B68E60E522D946CA968DB47307290B2D46CB561AA334124456A265A99AA27A42915DA99BA9EF50B37CD52644BBA977543BA8DF52226DD4543BE8DF5560E625DD46EA8B7D377D01CC4BBA9B51EFA15E8E50B92549B6A256A7AB55C50D0EDB46DA37537755C4A1C169FB6981A9FBAA8A1E169EB51E69EAF5232C254AB55C3D4AAF50596169E2A046A955AA0B892D3B6D329F5250D2B48CB4FA69AA248996936D3CD36A8066DA75145021AD511A95A98D41240EB55665F95AAD3D5593A353891233AE17E5AC6B95F9AB66E3A5644FF33559CD32045AB295122D5845A964449916AC22D468B5612A245C49516A655A892A75A82C02D2D145031D4DA751400DA4A5A4A006D34AD494D6AA02175AACEB565EAB3D5C48915A4AA532D5D92A94D5D1021949EA6B7A85FEF54B0574126AC35652AA4356D2B091BC490FDDA8EA43F76A3A82C36D31EA5A63D202BBD557AB4F55DD6AD1122B35466AC15A8996AC8206A85AA675A859699230D46D5232D46CB54509BA8DD46DA6EDA90E51CB5652A144AB48B49B2E31268D6AE2556896AD2563391D10893A54C2A14A94560E46D18926EA4DD4DA29731605AA27A929A569C4865596AACAB575D6AB4AB5BC5194E46C7879FE5DB5D39FBB5C5E8D2F9577B7D6BB246DC8B4A6651216FBD52A3531D69A1B6D41A1743515123D4BBA90055799AAC1AAF22D30291F99A8DB4F65A7C3134AEAB44A5CAAE118F33B22ED845E5C1BBF89EA56FBB5285555551DAA19BEE35797397336CF5E9479528991A8BED56AE23587DCCD5D86A2DB91AB88D63EFB579D55DCF530F1B1CC5E37CD502FF12D3AE5BE6DBFED544AD55088559172D17E75AEF3414DA9BCFF0076B87B05DCEB5DF694BB2D6BB30F1FDE2387132FDD325D52E96285BE6AF27F135FB4F332035DB7892F5A289BE6AF33BB669656735ECB3C05B99CED5166ACBA55665A8351C1AA746A802D4A94C0BB1B55A46AA51D5B8A824BB155A8AA9C75711AB48905B46AB08D5511AAC2353116D1AA50D55D1AA50D5405856A933502B53D5AA409454AB5086A7AB5004B4AB516EA9035004B4547BAA4A005A753296801F4526EA375002EEA76EA66EA375004BBA8DF506EA375219683D1BEA0DD46EA00B2AF4F56AAAAD4F56A902D07A9435540D5206A0A2D06A7EFAAC1A9E1A8025DD46EA6668A90119DA99BDA9DB7751B2802A5CCECB5412E199EB42E62AA3B155B755122CD3B6DFBD55636669A8B96DB50C6FB595AA88722C4A9551626595AADBBAB5391559AA4B89576352AA355EF2A9A62A00816ACC6D51EDA727DEA928BF0B55E86B3616AD18690CB2EDB52A1DD4AED4CA991AC108CD503D4ECB5115A220CAAF55645ABAEB55655ADE28C25233E5AAA56AECAB5094ADB94C79CAA568DB5395A6EDA3942E76F712D5469DAAC5C7F1566CADB5AB28C48913B4ED4D59DB3F7AABEFA6EFABE51731B304F5A50BD73D6D2D6A432D44A269091B08F5615AB3E37AB08F58CA26F1916B75465A99BA91DE90F986BB55491AA477AA933D3326C6EEA616A8B7FCD4E2D571331ACD556E3EED4ED50CDF76AA44C8A668A76DA36D66402D5EB76AA4B5661A0A89AB135584AA51B55A47A0DE2594A945570F5286A459351BAA3DF46FA0A26A2A2DF4EDF4807D3AA2DD4BBA80E606A8D9A9ED513B5021ACD50BB50EF55DE5A7CA66E4472B55767A247AAA65F9A8E531722CEFA37D53F3693CDA7C82E62DF9B46FAA5E6D1E6D3E40E62DF9B479B54BCFA4F3E9F20B98BBE6D0B2D5069E93CEAAE40E635565A7896B285D54AB714F90A5234BCDA37D5059E9FE6D57295CC5D0F4EDF54BCF5A6B5C53E51DCBFE6D2F9F598D7147DABFDAA3905CE6BACF5324F5882EA9EB78ABFC54BD90F9CE8925A983D61437ABFDEABF15D2B565281AC6669AB5481AA924F5207ACB94D548B5BA933506FA6B4B4AC1CC4ACD49BAAB996A369E9F293CC5ADD46EAA5E7FF00B54E59EAB94398B25A985AA2F3698CF4728730E76AA7337CB52BBD5499FE5A664E453B86ACC93EF55F99AA9B2FCD4184C605A992A30B53250CCC9D2A646AAE2A60D5268590D4F56A815AA40D525126FA76FA8B751BAA4097751BAA2DD46EA07CC4BBE9BBA99BA9334073126EA466A6669A5AA801DAABBB54A5AA076AB888864AA5355D7AA7257440CD949FEF5490535D7E6A7C0B5D049A30D5B46AAB0AB55A45AE799D1025FE1A6AD38A35342B565CC6BCA39AA27A7FCD4C6A398762075A8596AC15A615AAE62790AECB5114AB7B698CB4F985C85274A8192AF94A614AAE70E42832531A2ABAC94DD9473872153CAA162AB5B297651CE57210A254C894F0B5205A8722E301516A745A605A996B2948D6311E9520A8D6A41591A0B4EDB42D3D56AA31136336D3196A6DB4D2B5AC6263265675AAEEB575D6A074AD91CF22A42CD15C2BAFF7ABB7B0977C2B5C5BAD749A24FBA255A9ABF0F3052F8B94D875AAE6AC1566A63455E655C4CBEC1EB52C247799079BB2A54BA46FE2DB513C150BA6D5F96B18E26A2DCD9E129BD8D0DEADD1A98ED594CECBD1B6D1E7BAB735B2C6791CEF01E668226F6DA2AD23240EA9EB59B0DE6CEB561DE2B84DBBBE6AC6AE21CCDA961E34CD2DF437CC9CD62A5E3DACCB14CDB95BEEBD6979EBE56E5AC9491AB83461EA6FB77570DABCBB5996BAED5A74DECBFDE5AE4357891E7662F5CD351723BE93B44E5AE5BF7B5127DEA9EEE0659557736DA8E38BE75F99B6FF00BB5AC624CA46869CDBA645AF43B0556B4DC1BE5DB5C1DBC090233EF6665DB5D96957ED71A63A7CAAC8ACCB5B5195A68E5C446F066578834DFB62362BCFAF74B96D5D95D7E5AF5586E12E1769FBD58DAD5923C4DF2D7B2780798C9155768AB66E6DF64ACB555A0A92E266ECA7AAD5A30537CAA0A045AB515428B5322D324B4956A3AA695691AAC45B4AB08D5511AAC235324B4AD5286AAEAD5286A045856A7AB5401AA50D4012AB5481AA25A78A009569EB5106A72B5004BBA955A9942B5004B46EA6EEA3750324CD19A8B751BA801FBA8DD4CDD4DDD400FDD46EA8B751BA9013EEA766A056A7EEA00977D395EAAEEA7ABD4945C0D4F0F5515EA40F401715A943D5756A903548CB2AD528AAA8D5652801EAB4BB69169F40156E57E5ACA9F72AD6D4DF325664C8ACCD55113316F3732D504B86F956B62E60F92B2845FBDAA33E527476DFCD5E81FE65ACD6F91F754B6F3FEF6A4A8C4DADD48CD55FCFA6F9B5251296A6AB7CD516FA727DEA432EC2D5A50B7CB59B02D6827DDDB404497EF53B6D0B4FDB48DBE119B6A22B5636D3196AA28CE4CA6EB55E45ABE56ABBA56F139599EE9558A55F74AAEEB5A19C8AA56A2DB561D699B6A85CC75D70B597356BCEB59732FCD58A2A656A366EA9552A648AAC8B10449B5AB4A16DB4C116DA9556A645C516E27AB227ACE0DB69C6565ACDA358C8D2F3E9865ACEF3E869EA794398B124B55A496A3796A366DD411290F46F9AA5DD55D3EF54D444988D6A8DEA46A8DD6A8656DB4EDB4EDAD4F08D599244AB53C5F2D0A8DFDDA9151A90E2488FB6A6496ABEC34056A655CBEB2D3C4FFED5678DD4F1BAAAC5F31A1E7D1E7D541BB6D46CCD4F94AE634567A7896B3519AAE252711F31655E9DBEA05A2A409F7531DA9AAD4D7FBB4580AF2355299EACCD59D3B56B1898C991493D5479FE6A266AA133FCD5B7B231948B8D7151B5C5516969BE6D57213CC5FF00B4533ED154B7D1BEAB909B96FCF6A1A7AA9BE9BB9A9F20CB4D3D37CFAAFBA9BBA8E502D79F4F5B8FF6AA96EA3751CA068ADE52FDBEB3E8DD55CA3E6341AFDA98D7AD54B751BA8E50E62D35E351F6A6AABBA8DD480B5F6A6A3ED0D557751BA8034A0BC656FBD5AD6D74CDFC55CD236D6AD4B476F96A2712E123A7867DDDEADA3D645B3568C75CB389D3191677D31D9A9CABBA9592B2342A3B3540D2B55C78AA0682AE247295F79A7A3B549E437F769E90501CA0ADBA9FB7753962A942548CAEC955A58BE5AD4F2A98F07CB4B981C4C37B7AAEF06DADD782AAC9050652818AC9B69CB56E48AAB95DB4CC6C3853C3543BA9775202C06A76EAAE1E9DBEA794A2C6FA37D57DF46FA3940B1BE8DF55F7D1BE8E50E626DF46FAAFBE8DF4728163753AA24F9AAC22531C466CA6F91BAAEA4552AC14CBE4328DBB540F67BAB7FECF47D97FD9AB8C83D99CD35837F76A68ACB6FF000D6FFD9568FB3AD5FB512A46625BEDFE1A9920AD0582A458AA252368C4A1E4714DF22B5045479551CC5F2997E4531ADEB57C8A4F22A798A319ADDA98D6F5B4D6F4DFB3D573018DF676A69B56ADAFB3D37ECFED47301866D5A98D66D5BFF65FF6693ECBFECD1CC1CA73CD66DFDDA6FD8CD7426D7FD9A6B5AFFB34EE073E6D698D032D6F35AFFB350BDAFF00B345C0C5D9B69C16B41ED6ABB40CAD48B444B4F5A36D3AA0A156A4151AD4828E51F30F5A7AD3169EB5718994A43A86A28AB899CA44656A375A99AA276AB32915245AE8BC336FFE8EF31FE26DAB5CEC8D5DA6951791A65BA7FB1B9BFE0558E3276858DF070BD4B9776D31969EAD4C76AF2CF5CAD2FB55493E5AB72FCBF76ABBAD43348C8A9B3737DDA19556A6DB48C8D52515F6D37FE0552B26DA6AFF00DF540114AACE8CA5B7AD4297ED6FFB99BE5FEEB355F1B2A0BAB386F2168A45DCADFC5FC4B53CA38CBB9C8EB5A8FEFB6EEACFB8951D95A9FE20F0E6A366AD2C2AF7300F9B727DE5FF00796B2609D5D56B0E5B48EBE68B8E83753DABB1AAA5A7CCD56759DAB0C4CB55ACFDAB4B992D8D6B94D968CFFC2CBBAB4BC3179BAEBCAFEFFCB599A9BAA693B7FBAB54B40BC65BB46DDFC555F0C910A3CD168EA9A26B79597FBAD55EFEE37232D686A8CA8ECC3F8BE6AE62EE56666AF7E9FBD1B9F355172CAC645CA6F959AAA3C55A852A074A0A8C8CC68AA368AAFB254456A4654D94F55A976D1B680015325302D3C2D5013A55846AAAB53A35508B21AA50D55D5AA50D4C82C2B54A1AAA86A955A802C06A9035560D522B500580D4ECD40AD4FDD4013AB50CD506EA76EA009B751BAA1DD4ECD003F751BA999A6EEA064BBA9BBA99BA9BBA9012668CD47BA9375004DBE9DBEABEFA37D12026DD407A87751BAA4A2C87A903D5357A915EA465E47A9C3D6723D4E25A40682354E1EB345C52FDA87F7A80353CD5A1A75ACB6BAA8CDD7FB5401A725C2EDACF79D59BEF5509AF377F15451BB3B7DEA605DB897E4ACFFF0096953CBBB6D4017EF5508AF3B6EDD4CB44667A57F99AAE59C5C548C7856A705A93653B6D2018AB534694E44AB70A5003E14DB57235A8956A70BF2D05C0916A45A8D69CB44621290EA6B2D3A8AD6263291132D40EB561AA191AAD1932A3AD5575AB4ED55646AD226722BBD44D52BD406B4333B4996A84A9B9AB5E58B7556FB3FCD5CB191BCA25048AAD47154CB6F56A382AA521C6257F2A8F2AAEF954AB0547317CA6798AA1746AD6682A378168E60E532191A8D8D579E2A604A08B14BCA6A7792D57B60A3654858A89054BE555855A76DA02C551153FC8A9F6D3D1680B1556DE9EB6B574254E22A8E62A3033D6D7FD9A78B7FF0066B40454EF2AA798BE433FECF47D9FFD9AD1D946C14730F90CCFB2D385AD68EC14ED955CC3E4335ADEA236F5AA5293CAAAB858CF4B7A984556962A5D94AE3E52109414AB1B28D94B98394ABB290AD59294C75A77158CD992B36E16B6664ACDB95ADE0CC2661DC2D664D5AB72BF7AB2E6FBD5D7139A457A286A4A402D1494502168A4A280177526EA28A0028A6D140C76EA375368A0076EA375368A0076EA6EEA6D140126EA37547BA8DD4012A37CD5AF62B58F17DF5AE834E4DDB694FE12A3B9B36A9F76B4E28AAADA27DDAD48D2B866CEC82044A97CAA95169FB2B1E635E529B4549E455D64A63251CC1CA53F229CB0558DB4E0B4F98394ACB1548B155855A5094B987CA43B29AC9F2D5AD94D65F96A6E1CA5178AAACB156915AAF22555C8944C89A2ACF9976D6D4C959772957139E68CD2D49BE87FBD4CCD339C7EFA37D45BA8DD4012EFA37D45BA9BBA8027DF46FA8B751BA8025DF4F5DCCD4C45DD56E18A82A287C28CD5A31C54DB78AAFC4948E88446C5155848A9E895385A9E6368C4884547955602D3B652E62B94ABE5534A55AD948C947307295B653B654BB68DB47300CD946CA785A76281916CA3654B8A5DB52057D946CAB1B68DB54057D946CAB1B68DB407295FCAA6F9556B651B28E62AC55F2A91A2AB7B293651CC4948C5513C15A05298528E60329EDEAAC96FFECD6D3C555E48AA80C17836D47B2B5A48AAA3C54F94398A98A50B52EDA36D5585CC0B4EDB4DDB4F5A645C4A1A9FB69AD544113542ED5335577A71248551A599221F79DB6D7A0A26C4551D976D727A25933DDADD3AFC89F77FDA6AEA83FCB5E7E32AA94EDD8F47074A5185DF503F7A985A9EED509EB5C6761137DEA694A9597E6A705A451014A614AB5B6A2928B07314DD375336AAFF00B353BA37FC0BFF0041AACFF2F4FBD526A23FCB516FDAB514AFB5B96A85E55DBC7CB53CC3E52D89EB2353F0FD96A5BA58D561BAFEFA2FCADFEF2D0D79B5AAE5B5E2B36D3B7FE05493B83528EA8F34F10C52D9CC96D3A6C953EF2D53B26DCCABFED57A1F8C7415D67476B981775DDB2EE4DBFC6BFC4B5E71A5B6E75A99AB33584AF12F78867D9651443F8EA9691F2BA37FB54CD7A7F36EA14F45A974DFBE8BFED50CA86C779AA44CFA65A4C3FBBB1AB9B9626DD5DA795E7F87761FBC8BBAB9A952BDCC24AF4CF9EC642D50CB74F96AA48B5A722554952BA0E633DD6A06ABAF1542F1541457A36D3F61A36D050D0B522D0169556810E14F14DC5385500F0D52AB544B522D049306A786A8453C35302C2B53F355C35481A80260D4F0D55F753B750226DD4EDD50669DBA8025DD46EA8B751BA90C977D1BAA2DD46EA0097751BAA2DD4DCD0512EEA4DD51E68CD0049BA9BBA99BA9BBAA6404BBA9DBAA30D4EDD5258FDD46FDB4C2D4C34809BCFA3CFAAD4AB41258F3CD3BCF6AAE16942D004FE6B5065F9699514CDB568022797E6AB56AFF002EEACDF999EAFC2ADB69816DDF72D40EDB51AA4DAD8A8E65F95568110AFCCF5A7026D896A9429F356B22FCAB486376D3952976D4A8B400449575136AD3234AB689444430254AB4FDB46DAAB0F98169DB685A55A62B852353F6D31AA8CE444F55E56AB0F5565AB4432AC8D559DAAC49555EB4899C889EA234F7A655127A33D43B7E6A91DAA1DD5C8750F0B56235AAE95723A24388F54A5D9522D2D41AF290B255775AB6CB50BAD112645275A8F6D5875A8F1566645B6969C5680B400DA76DA7628C500016A444A45A992A58E2488B5205A44A956A4B8805A7EDA05385496376D1B69FB68DB400CDB46DA9556976D0043B69DB2A4D94ED9473010ECA5D953ECA36D4DCA20DB46CA9F6D376D573125729513A55B2B51BAD34C4D14264ACBB94ADA75ACFB94AD612309C4E6EE93EF562DC75AE92E93EF5605DA7CD5D9091C93295253F6D376D6A489452EDA36D002514FDB4EC54811EDA2A4C518AA023DB45498A3140116DA36D4B8A6EDA0066DA6EDA976D3680194DDB52EDA4DB52322A5A76DA28004F95D6BA5D33EEAD7383AD741A53F0B533F8470F88EA6D17E5AD04ACFB46F956B492B8267740B0952D44952AD62CDC0AD46D5216A8DA80128A37537755123D6A45A895A9EAD5250FA43F769690B52020350BD4CF50BB5593229CD59574BF7AB5266ACBBB6AB89CF33165FBF51354B337CED50B5339028A29BBAA803751BA9B45003B754B1AD44B5622A0712C46B576DD6AB46B57615A93489761ABD15528AAEC54A47544B0AB5285A60A956A0D050B4EA29D5250DA6354B51BD003292834DAA2478A753052D480EA28A2800DB4BB685A75050DDB4EDB45140051B68A2800A6EDA751400C65A695A7B530D0044EB55DD6AC3D42F57120AB22D54956ADCB5524AB4432ABAD4552BD40D5A19F30EA76EA8F751BA98AE4BBA93E676DA8ACCCD51EEAE8F4FD396DA0DF22FEF5BEF7B56356A7B35736A34FDA3B192BA5BB2EE91B67FB2B49F62855B9566FF79AB7E555DB597708CAD5E64F1151F53D6A586A2BA0E865DBF285DAB579275DB593BB6B54C93FCB58A91D3389A5E6AB5337FCFB4FFC06A834F44D2EF877A36D65A3988E53495B753D7EED67D9DE8B84FEEB2FDE5AB7BE9C6444A36246A6EDFE2A6EEDD52337CB5422ABAFF08AAEEBF2F0B56E5AAB2B2AAD448D2263DE7C8ACC6B0A7BDDADFED56B6A52FCACC6B92BEB8DACDB6B172D4E9844B4FA8FCDFDDA58751F9970D5CD35C33372D4F4BA666EB53CA572A3D1B4BD515FE566AE235FB08B4BD76678576DBCEBE722FF007777DE5FFBEAAD69B78DE6AA96F97FF42A9BC6C8F3F87D2F87DEB76F9FFDC6FF00ECB6D6DBA31B7233CFAE67F36F9D8F6F96B6B44FDEDC2FCB5C909D9DFF00DA2D5DC785ADF74A9F2EEACDFC46CB489E8D6DFEA7C93FDCDB5CC5C26D665FEED7430CADF6A6FF007AB2F518B6DD4BF2FF0016EAF5F052DD1E1E363B48C575F9AA175AB132ED6AAFB775769C05774A88A55B64A632D1CA3E62A34551F95568AD30AD49572BECA36D4CCB4940116DA5DB526DA6EDA006D3A8DB45500F5A7532956801E1AA50D508A50D4124FBA9C1AA2DD4BBA8025DD46EA8B753B75003F753B7541BA9DBA801FBA8DD4CDD46EA9287EEA37545BA93750325DD46EA8F7526EA0097751516EA5DD5204AAD4EDD516EA375228977514CDD4B40125151EEA76EA091E29CB516EA5CD004B50CFF00769FBEABDC3D30225FBF5A10E36D6627DFABD1B32AD005A665A89FE665A617A7C6DBA81166DD3E6AD0AAB0A558A431CB56A34A8A25AB71AD004B1255D44F92A0897E6AB9F7569A132BBD369EF5156867CC494BBAA2DD46EA61CC4BBA98CD4DDD51B3502076AACED523BD40ED54892192A9BD5A76AAF2D6844881EA334F7A61A047A23AD3196AD94A6F955CDCC74F290C6B56E35A444AB08B53291518805A7EDA705A5DB526844CB513AD5A2B4C294B984E25074A88A55F64A63255DC8712832B50AAD568C5479555CC4F295F651B2AD6CA694A9B8729005AB2894D0B5322D0E4546239569EAB42D4A2A4B102D3D5685A7D48C6EDA76DA29DBAA4A00B4FDB4DDD4EA0036D14515230A28A28185369D4D66A0911AA27A96A27AA4495DEA95C2D5D7AA7715AC4CE663DCA561DE45F7ABA1B85AC6BC5F95ABAE123967130B6D262A675F99A9BB6BA4C08F14BB69FB68DB400CDB453F6D3B6D00336D1B69FB68DB400CDB46DA7EDA36D480CDB46DA7EDA36D50116DA36D3F6D1B68023C5376D4BB69BB6A408B6D1B6A4C518A008F6D6AE992EDDB59D8AB16AFB1E9CB628ECACE5F956B5637F96B9AB3B8F956B62DE7AE19C4EA84CD747A955EA924B5287AE7944E8522C335319EA2696A26968E50E62C17A6EFAAC67A6F9EB4F949E72EEEA787AA227A7ACF4B942322EEFA19FE5AA7E7FFB5434BF2D1CA57312BBD5795E98F2D55967A6913290933D65DCBD4F34F59B34BBAACE69C8AF237CD513529F9A91AA8C06D369D4500368A2A40B40802D598969816AC46B4171896225AB91AD57896ADC541B451612AE475552AC27CB5123645B56A9435550D5207A8342CEEA375479A3353618FDD4D2D4CDD4D6AA01C5A9BBA90B53775021EAD5266A0DD4EDD472812E68CD45BA97751CA04BBA9DBEA0DD46EA39464FBE9BBEA2DD49BE8E5026DF46FAAECF479B4728731637D1BEAAF9B4EF368E50E62C6FA466AADE6D279B4728B9895DAABBB5065A89DEAE249148D54E56A9E46AA923D5C48911BB542D4A5E99BAA881D4DA375266981A1A3C1E7EA0AC57E54F99ABA7765DB58DA145B2D5E5FEFB7FE3B5A85B75797889F34CF5B0D0E580D7FBB55A44DD53337CDF7A98F5CE74C4A0F0545B76D5D75DD51145FEED4729ADCA8777FC0A99B9BF86AD94DCB5134548663DCBDC594BF69B6566DBF7D2B5EC35786F62578DFF00DE5FE25A8258372D737A9697736F71F6ED39FCAB85FBCBFC2FFEF546C6BCAA677625A76FAE4744F14457EFF669D7C9BB4FBF13FF00ECBFDEAE9227DD5A466632872960B552B975DBFECD582DC7359F78DF2B37DEA990462606A4FB9D98FDDAE4EFA5DCD5D0EA52FDEAE5AE5BE76FEF563BB3AA3EEC4CF76F99A8466DDFFB350D136EDC7E5A9536AD6A672917AC1BE75CFDEAECADE08B51D2A7B29BEE5C44D137FC0BF8AB8AB67557AEBF499772EDFF00BE969ADC89EA8F1A86D65B7D41EDE6FBF0BB23FF00BCADB6BD23C2B07EF776DF9556B17C5BA6B5AF8C25982ED4BB45997FDEFBADFF008F2D74FE1B8B65ABBEDFE1A4A3EF8DCBDC36AD9F7CCD4FD560F9D5FF00BCB5141F2BEE3B573F355FBE5F36C95FFBB5DD8695A679D898DE072D3C5F3557115694CB551BE5AF58F20ACE950BAD5A7A81D6A4A2BB2D4456A72B5195A43212B46DA79A4A008E929FB68A006514AD454942514B4504853853296A8A24A5DD4CDD45480FDD4EDD51E68CD003B751BA99BA8DD400FDD46EA66EA6D0325DD46EA8B753B75480ACD46698CD45003F346699BA9C1A9144BBA85A8B75286A009F751BA99BA8DD400FDD46EA652D04926EA37547450049BAAACCFF00354CCDF2D5295B735004B0FCCD57C37CB542DD6AE7DD5A6035DAAD5A555DBB9AAFDB26D55A00D08FEED3D7E66A893EED588569016A35AB09512FCB56615DD40166DD7F8AA576A13E54A89DEAE244847A8A94B533755903A9B46EA4A00335116A7D31A80227A88D4ACB5115AB2481AA17AB0D5115AA17295DD6A165AB2CB5115A047A76DA36D3A8AE43A8705A942D46B520A450F55A7AAD356A4ACC6376D3196A5A6B50510B2D46CB53B530D51241B68DB4F6A2A85CA4456936D4AD4DA648DDB4E5A75148055A905474EDD4143F753B75328A918FDD46EA652D003F7D3B7D4546EA009F751BAA2DD4BBEA4A25DD49BAA2DF46FA2C04BBA9ACD516FA4DF4589242D4C2D49BE9A5AA806BD549AAC3355599AAE2448CFB8FE2AC5BC6AD8B96AC4BC6AE9A4724CCB65F9A936D4ACB4DAE93019B68DB4B450026DA296928016928A2800A28A2800A29B450014514DA0028A28A004A29692801BB69C9F2B52D1401A3693EDAD8B7B8FF006AB9F8EAEC2ED58CE269067471DC7FB55616E2B0A296AC2CF5CD289D1191AAD7151BCF54B7D465DAA6C1CC5A7B8DB509BAAAC5EA366AAE52245D4BCA985E5656EA37351CA11B9B0B75FED538DD7CBF7AB19656A93CD6A394BE6341AE2AAC93D57DECD4C6576A39499486C92D5766DD529819A9CB6F4199576D376D5FFB3AD1E42D493633F6B51B0D5EF2968F29680B14952A754A9767CD534716EA5CC118912455384DB56922A5F2AACDA31188B5325012A40B5469CA4A8D5611AAA85A996B365A2C86A7AB54429E1AA464E1A9698AD4EDD4142D216A375359A801A5A93750D4DA091CAD4BBA9829D4142EEA37526EA375002EEA4DD4D2D4C2D400FDF4C32D44EF55DE5A092C3CF4CFB47FB5541E5A6195A981A5E7FF00B5479F59BE6B51E6D1CA234BCFA6F9F59FBDA9BBDA9D82E5F69E98F3D522F5197A092CBCF559DEA367A8F75500E2D4DDD4EA36D3E6106EA722B3BAA27CCC5B6AD36B6347B2DBFE9322FF00B8BFFB356756A7246E694A9F3CAC6BC117D9ED5221D976D3B7505AA2DDFC35E4F31ECC63EE837DEA1BA514350030F4A89AA6DB49B2915CC562FB7F86A12F56A546DDC546C9B7AD496576DCD4C78B72FDDAB07E5A617A9E51F31C8EBDE1A5BF5FB45B335BDDA7CC92A7F0D47E1BF15CA97CBA46B6BF67BE5F951DBEECCBFDE5AEC362B5626BFE19B2D6ED5A29D195C7CC92A7DE46FEF2D4DAC6B19A7A3377CF59599437CC2A95E6EDBF7BF86B85B3D6756F0BEAD6B6DAE1F3AD59FCAFB6AAFCA51BFBFF00DD6AEFEEF6BF46A6B525AB338CD49199DBE6AC578B6EEAEB2EEDC3756AC2B98951B85FE2A951B14E5730E55DADC55477DAD5A170ADF3567BAED6FF007AB42496176DEB9AEB347B8FBB9FBD5C726EDD5BBA6DC6C65FEED056F135FC6165F6AD36D6EC7DEB67DADFEEB7FF0065B6ADE8EAB0698ADB179F9B7355C8952F6C65B72DB9654DB549DFC8D29B2DD3E5AA5BDCC5ED61565DF71B456CAED6B568BFBCBF2D61E8F04B71BA53F75BEED6F8458155B6EE55FF00C7A97B5E5F8452A578FBC65369D70EBC2D66DCDACB036D91196BBFBBD2EFBECDE7594CA59977794CB58F15FACF2B5A6A16EA92FDDF997E56FF0076BBE18A9A7EF9C12C1C1AF70E39AA27AEBAEBC3D6F3AB35B3794FFF007D2B57377965359CDE54E9B5BFF1D35D70AB19EC70CE8CA1B99E569856AC32546CB5A1995CAD336D4E569ACB40C831462A5DB49B68E5022A2A5DB4DDB47280CDB46DA7EDA6E28019494F34DA92828A4A375002D1BA929681851451B6800A28A2815C28A292A460D45369D400514B4948A0A5A4A5A007E6969B4A2801D4EA68A75048B451453018EDF2D546FBD56256F96AAF7A00BB6F53BB7CB55A1CEDA94EEA000356940DB96B33EEB2D5EB4F9A8035235DCAB57A35DAB51C29B556A6FBB480755B87E55AA917CCD56B76D5A2222CB4BF2D42EF5116A6D59238B537753A8DB55CC20A6FCD4EA28E600A6B50D4CDD473120D5115A9698D4F9892075A89AA72B5132D55CA2135115AB0CB4C65A7CC4D8F47A2A2DF46FAE6E53A3989EA50D5555E9E1EA794AE62D2B52EEAAEAF4EDF4B947CC58DD4D2D50EFA37D1CA1CC4ACD4C66A8F7D1BA80066A4A37537755087353775377526EA09E625A6D34353B75003A969375377505730FDD4EDD516FA37D01CC4BBA8DD506FA37D01CC4FBA9BBEA1696A269E97287316F7D279B541AE2986E2AB949E7343CDA6F9B59FF68A433D1CA2B9A1E6D34CB59FE7D1E6EE6A3942E6979B434B5495E9776EA760B93996ABC8F43544F551899B652B96F96B22E7E6AD79FEED654D5D10309940D30D4AD511AD8C86D252D25310514536800A28A6D003A8A6D140051453A801B451450014514EDB400DA29DB68DB400DA751B69D4012C6B56E35AAF6EB57A24ACE66902545AB08B491C0D56E3B7AE691B46245B698CB5A02DE98F6F59DCBE533D9699B2AF183FD9A89A2A2E1CA5654A7ECA9B6526DA2E1CA4012A509F2D3B6D3FB557308604A19569690B50121BB685A696A4DF52664B513534BD30BD21730FA4A8F7D0AD485CC4A8BB9AAE4295042BBAB4234A0B84472253992A445A936D3E63A2312BECA31536DA6353B8C60A7AB530D28A044E1A9E1AA256A7AD004EAD46EA60A7D48C5DD435250D400D3494A692980B45251400B494518A4034D30B54B8A8F6500577AAAEAD5A2D1544D050065BAB5336B56935BD31ADE99450A755DFB3D34C14731054A6B55874DB50BAEDA64C889A98694B544CD413CC3A8A66EA37501CC3E8A6EEADCD37495D8B7173F78FCCA95139A82BB34A50751D914ECEC1A5659665DB17F77FBD5B7E7AAAF1F745473B2A9AA4F2EDAF36AD6737A9ED51C3AA6B42E3DC7CD512DC7CDF5AA52BB32D55927745E776DAE7723A23037C4B52AB7CB5CCC1AB2EFD923FFBAD5B96D748EBB7756919DCCA70922DD1B6981BE6A7EEAD0CC66DA89D76D58A8DBDEA4AE629B6EDDB9AA1FE2FF7AADB7CD4C68BD6915CC471A6D5A919B6AF34ABF22D579DF72EE152519BAADADBDD42F14E8AE8EBB595977572FF00DACFA1AA5B4CCCD688BB11F77CCBFECB56FDE4FF00C23E6AE5B575596275755653FC35CF2F8B43A61B599B897B15C26E4756ACBBE6DDD2B8EB3D525D26F7ECD33B342FF719BFF41AE9E2BA4B84DC1AB58EA652D199F32EE66AA3345FFA156C489F3550B84DACD542E628AFCADF76ACC33EC75AAED48CDB76D4B2E2759A5EA5B3E52DFF007CD4DABBF9EF61691B6DF3E5666AE452EB66DAE8741B84D4750877FCCF6EACCADFEF517070D798ED2CE05489502FCA2A5BCDA916DA9ADD76AD67EA92EC55F9BF8AAAD6445EECDCB0D722797CA2FB5BFBADF75AADEA3A6DB6AD0B6557CDFEF579CB5D7EFD9837F156F69BE266B78B64EAD2FF00B4AD5BC277D19CF568B8EA87DBDD3D9DD2DB5CFCC9FC12FF0017FBAD5A735BC37B6FE54E8AE8DFF8EFFBB589AADC5BDE3CB2C0DF2BAEF5DDF2ED7AB1A5DFF9F6317CDF305AA8CB959128F346E65EA3E1A9A0DD2DA379C9FDDFE25FFE2AB01D195B69F95ABD00DD2AEECFCADFDDAA1ABE9316A3134D06D5BA5FEEFF00CB5FF7BFDAAEBA589FB3338AAE1B4E681C595A615A999594ED2BB5969856BB0E221DB453F6D35A80194DA735319A8006A8D9A866A6335218E2D4CDD4D66A66EA9287EEA37532968192514D5A7502169D4D5A70A0028A7534D512369295A98D525035368A902D48C6EEA3750CB46DA403A95691696800A75146DA005CD19A4A6D004BBA8DD516EA375001337CB50A2FCF4B2B5245D6981A112FCB4EA883ED5A6ACADBE81160A6E65ABB669B5AA2B65DFB6B5218B6B50C65D4F9569ACD48CDF2D0BF33521162DD6AC1A6DBA7CB43FCAD4031D4533751BA833E61F4537751BA98B98753693751BA826E2B544D4EDD4550B986D1451417118569856A6DB48CB55CC5F295CAD4656ACE29A568E62794EA9A7A4FB455295DB7556695A9F28B98D6175FED53C5D2FF007AB0FED0CB42DD51C84F39D0ADC54A25AC38EEAAD24F52E26899A5E6D2F9B59E25A7ABFCD5162CBFBE8DF5555A866A5CA04E65A8DA7AAEEF50BBD38C49948B2D3D0B2EEACF2F52C4F5A7291CC682BD4EAF5562A9C566CA4C52F4C2F41A635031FBE9BBEA2A72B522912EEA6B352535A818D76AACEF533D577AB89122232D21969AF5155F2903FCDA37B5454E5A00943D3D1BE6A86A68FEF5228B0953AAD3116A655A918DDB51C8B5676D44EBF2D04C8CCB8ACD996B56E17E6AA332FDEADA2632325D7E6A8CD59997E6AAE56BA2267222A2A4C5376D3246514FDB4DDB400CA29FB68F2DBD2810CA2A5F21FF00BB4794D4F98A22DB4EDB53244D5623B366A9E61729476D2EDAD74D3B77F0D4E9A6FF00B353ED515C92307CB6F4A7790EDFC35D1269ABFDDA9D34E5FEED47B588FD948E656D5DBF86A55B076AE9D2C3FD9A956C17FBB4BDB17EC4E6174E6A9869BFECD74C2C97FBB4F166BFDDA9F6C57B13021B0DBFC357E3B3FF0066B4D2DD56A5112D66EA9A46914A3B5DBFC356120AB4129EA9594A46B1895C4548F055DD94D2951CC57299AF0555922AD574AAD3251CC4CA26595A61AB122ED6AAE6AE264D8DA71FBB4CDD416AA22E151B53B75319A98A521A6985A82D5133D220716A899A9A5EA267A56249F753D5AAA6F5A9627DCEB4B94936AD97E55AD08D2A959AFCAB5AB12523AE111CA94F54A784A942D49BF295D92A074ABE56A264A7CC122814A4D95776537655731162B84A7AAD4FB297651CC16230B5205A704A7AA54F30F9462AD0CB52EDA0AD22880AD26DA976D1B6A83948956976D4AAB4EDB4B98394836D1B2A7DB46DA5CC045B28D953E28D94730CADB293655AD946CA0394A7E551E555AD946CA0394A862A89E2ABCC9513A5509C4CC952A94CBB6B5E65ACBB9F977538984CCD95B6D42CF4D99FE6AAE65A663CC58DF4EDF54FCDA779B4585CE6EE896BF6ABBDEFF723F9BFE055D3CBD2B33408BCAD291FF8A46DD579DD9ABCBC44F9A67BB84A76A68A573BAAA08BE6ABEEBFC5506DE78AE7E53BB9887CAF5A824B5DD574AAD376B6DE68E50E639FBCD2DA54E1AB0DF52D474497749B9A256FBCD5DCBA6EF976FCB552E6CA29D191D0156FEF543876358D4E921FA2EBD6FAB5AACB0B7CC3E574FE256AD90FBABCF2E7439B4BBAFB6E952B44FF00C49FC2DFECD6D689E268AF65FB34EBF67BB5FBD137F17FBBFDEAD213329D2EA8EB3751B6988E1BE6A9474AD8C08366D6C9A6BB2FFC0AA57DDB78AAF23AA26E350691295D4EB17F15654D74CDD5B6AD5ABF7DCBB8AFCDFC2B5CC5FDEB2FCBBAB0948E8844B773748AAD8FBD5CD5F4ECCCDF351717FF002F35937171BE96E3F84CED5A0FB442C07DEFBCADFED53740D5D993648DF32FCAD52CCDBD6B9B919AC355575FB927F3AD6267295CF49497CD5A86E137550D2AF15E25F9AB51FE64AA712148C99576D5791B72D5DB85DBBAB3DDBE6A9348C8AF2BB2D749F0F5BCDD62ED8FF044BFFA17FF00635CCCCBF2D743F0F6558B56BB889F99E256FF00BE5BFF00B2ACEC5DF43D50BAA25739AC5C7EF5BE6E957AE6F1777DEAE6EFE7F3D9B0DD6ADCAFA1118DBDE65349F6D4D0DC55075656A40ECB55188A7246FC2FBBF8BE5DB46877BFBA74FEEB7CBFF7D5630BFF0022D67766E8BB56A2D1E7D8BB8B7DEAB7B98C63A33B36BCF99BEEF2952C57BB1D70DFF01AE785E6E76F9BFD9AB5E7B32AFCDD5D68E626311FAF44AB7DE722ED599777FC0BF8AB1DAB63566DD6B0B7F16E6AC376AF5A84AF4D1E46223CB51885AA266A6BBD425EB5311E5A985AA267A6EEA06485AA32D494549434B514F0B4E55A04342D39569EA94F54A2C0336D1B6A754A5D955CA221DB4A29CCBB6814006DA6B2D4AB48CB4011531A9F4D6A928654A299B69E2818B8A42952AD1B6A4081569DB6A5DB4DDB400D14EDB4E5A5A0066DA6E2A5A4DB40116DA0AD4BB69A6802A48BF352A7CB4E7FBD4DA00955BE6A94237DEAAB1B7CFCD5C32FC9B455106859B2FCB5B29F72B9EB37DCD5B68DF254B2897754F0AEE6AAA1BE6ABF6EB480BB0AFCB515CFCB52FDD4AAF72FF251114C837D3B7D53F368F369D8E6E62E6FA6EFAABE6D1E6D5728B98B5BE937D55F369BE6D1CA1CC5CDF4F0DBAA9236E6AB71AD1CA112755DD52ECA116A655A0DE257295132D5D75AAEEB41A106DA615A969B4126BCA955DE2AD474AACE954A44B899CF153560ABEC94DD94F985CA55446AB48AD4E44AB0915272358C48C2B54E8AD4F095284ACEE69CA342D49B69556A4C52E6172955D2ABBA56815AAB32FCB5719194A25165A7C6BF350CB52C4957CC6562EC2B5642D57856AD2D64CD623196A065AB0D50BD20226A652B533753025DD4D2D51E69BBA9D8771CED559EA42D503B55A4439113D31A876A65591716A40B4D5A9516A6454402D588129A16AD42951CC58F45A9C2D0169E16A6E506DA63AD4DB682B480CC992B3E64ADB7837542F6BBBF86B48CCCA513999A26AAFE4337F0D74CF61FECD02C3FD9AD6354CBD9339BFB2BB7F0D28B276FE1AE98587FB34F5B25FEED1ED83D91CD2E9CD4FF00B07B5749F63DBFC340B3FF006697B62BD91CF0D3BFD9A9C69DFECD6FADAAD2FD9D6A7DA8FD91CF9B2DBFC3511B3FF66BA07B7A8FECF47B50703192CBFD9ABB0D9FFB35A096F5652255A4EA951814E2B5FF0066AD0B75AB012A50959399AC6055102FF769EB1559D94BB2A798BE52BF954ED9563652ECA5CC1CA56D94BB2AC6CA76CA3987CA57D94E54A9B653B6D1CC1CA44A94A12A5DB4EDB5372AC41B69196A665A42B4015DD6AB4A9571EABC9F768264645CAEDAA1235695CD654DF7AB681C931BBE919FE5A8A9ADF76B5E5331C5E9ACF4CA6B51CA005EA177A71A89E8E5248CBD46CF4A6994101BAAD5A2EE956A9D6869E9B9EA24544E8EC53E55AD68D7E5AA3669F2AD6922D6523BA089516A40B488B5285A8362265A632D58DB4DDB4015F651B2A6DB46CA2E4F290ECA76CA936D3B6D170E522D94ED94FDB4EDB45CA23DB48CB52EDA0AD0041B6931536DA36D1726C44169FB29CAB4EDB41447B68DB52EDA36D480CDB46DA7D1400CDB46DA7D14C7CA336D1B69F45032165A81D6AD35577A68CE452997E5AC7BE6DAAD5B371F76B9FD49F6AB56B139EA9853BFCED506FA74ADF35415672126EA3754745051E87A532FF645AE3FB956B6EEACAD067F374A897FB9F2B56B6EAF1A71F7D9F4B41FEE910C8BB9A99B7E5AB3B77542EBFC3506BCC57DB4AB43AFA528E941423530AD3E92802BCB12B7DEAC0D63C396F7EBB9959255F99254F9595BFDEAE919B6D3766FA971B8D4DA39DD2359BDD2E55B2D6995D3EEC576BF75BFD97FEEFF00BD5D92BAB2EEAC8B9B08A746528ACADFDEAAD66F2E92DE4BB335A7F0FF001345FF00D8D38B6B709422F546FB4AB546E65554A57B8565C86565359D773FCBB8D372146251BFB8F95AB8CD4AE36B37CD5B9A8CECDBBFBB5C9DFB333B62B9FE2674C74452927DCD503BD1B7D3EF51B7FEFAADA31319C88DAB235883CDB62C3EFA7CC2B58F5A82E137AB568415740D437A05CD7611CBB92BCEAC9BEC5A998BF84B656BB8B29F7A2D39124B76DF2D67B2FAD695C37CBF76B2A67666E2A0BE622969FA3DD7F676B76F71FC05B63B7FB2D517CBDFEF7FB54C9B6BA7C8BBA8944A523D22EE5568B8AE5AF1A681FCD8D9BE5FBCAD4FD0B566BDB5FB3CCDFE910AED6FF6D7FBD4FBA5DCD59455A469CD788CB6D5229D7649F23FF75A9D35C428AD9755ACD9AD55BAAD527B7F9B85AE88B39A489EE6F7ED0FE546ADE57DE66FEF55EB697CA4ACF48B654BBF6AD006BDBDC7CDF7AB6ACE5F366894B7DDDCD5C9C52B2B56C69F71B5D5A95CAB1B9ACCAAB6B6E8176FCCCD580F2D5DD62E1A59624FEE2FFE85597B59ABD5C3FF000D1E2625FEF1885EA3E6A7F2A94455BF29895F6D3B655A58A97CAA3949E62B6CA02559F2A8D94F94A21094F0952EDA76DA0447B29CAB4EDB4AB4002AD152546D40113D5766F9AAC3FDDAACFF007A94864C8D4F6AAF1B558FE1A0088D277A79A637DEA92850B4EA66EA6EEA009F751BAA0DF46FA9193D3699BA97340122D1BA99499A0097751BAA2CD3B75003B7544ED4EA8A4FBB401033FCD4E5F996A3DBB9AAD4517CB4010EDA1DD956AEF914DFB3EE6AA113E9C8DF2D6DAFCA954ACE0DAB575FE55A9192C3F3356A42B59D68BB9AB5A35A5201EFF72A94DF3255D75F96AACABF2D3426654BF2B533754D73F2B555AD0E496E49BA8DD4DA282476EA29B42D005A86AF44B546DEB4A3A0B81612A65A8916A7152744463D577AB0F503D0510D369F48D401D1BAD46EB561AA275A940572B51ECF9AA7D8CD4F115573124489561169C12A50951291B446AAD4A16902D3D691A86DA1569F45490C632D55957755D65A88A534CCA467F9552C7155B1153D22ABB91CA2469532AD38253F6D473171895D96A175ABAC9503A5098A5133DFE5AAECDF355D992A83AED6AD624033D34BD46CD4DDD5AD8CEE399EA22D4351B69F28AE44D4A16A4D94F44F9A800893755B8E0A218AAFC51563391A451124156120DB53A254AA959391AC6240129EA953ECA5D94B98AE521D946CAB1B28D94730CABB293CAAB3B29DB28E60E52A345479556F651B28E60E52A79546CAB7B29BB28E60E52B7954BE5558D946DA39839487653592AC6DA615A2E1CA55294CD95619699B6A88E51A16A40B452AD0512A2D3C2D2254AB598C36D2EDA29D48A1BB69DB69D45218DDB46DA75140C6EDA29D4500369D451400DA6353E98D41244F5565AB0F55E5AD22448CCB96AC993EF56A5DB5653B7CD5B40E49911A6B538D30FDDAB206D31A94B546CD544833540ED4E76A81DAA49119AA3A19A92801E2B634C4FBB58E95D06969F2AD448A87C46FDB2FCB57D16AADBAFCB5752B191E8449516A50B4C4A945666911BB68DB4EA28191EDA36D49450047B68DB52628C500376D1B69FB68A0066DA0AD3E986801BB6936D2D14120AB4EDB40A75050DDB453A8A006D146EA2800A29B46EA0028A4DD4D66A09076AAEED4F76AAB2BD69126522BDCB7CB5CD6A8FF007AB72EE5F95AB99D425DCD5A2392AC8CC7A8E9CCD4CAA39C296928A0A3A7F0ACBF24D17A36EAE9777DDAE37C372ECD4990FF001A6DAEB77D799898DAA1EF60A57A28B3FC3513D1BFE5A6B3EEAC0EB18EBF2D46ABB6A5DD4940C8CAAFF7699BB6F5DB521FE1A88EEFFECAA4A1376E6A913FBB4DD9FC54E0BB5AA8925FE1AA774AAC9CD5877DAB5957974A8ADF354C8A82F78CA7BF5D3A5D8FFF001EEEDF37FB1FED54F76EDB370F994AFCACBFC5583AACEAE8FF003551D1BC4296AFFD9D7ADB622DFB976FE1FF0066B152E86F38F52C5FB36EAC29E0676DC6BADBB895FA562DCC1F7AAE312398C078B6AF1551D7E6AD39D2A8BA55C4CD95DAA375AB452A265AA24E7757819196E17EF2356E68B7A1E256DDF2D417712BC4CBB7EF2D63E992B59DDB5BBB7FBB5423B795B7AFFB354A6DBBB6A2FF00DF352DBBACA94E976AD4968CD74F9F73FCDFECD2EF4D9B7FF65A964566E8BB6AB9455FBECDBA806430BCB65769729F7837DDFEF2FF0076BAD8AE22BDB759636DCAD5CA9FEEFF000B5551A8DC6977A8F0FF00A876F9D1BEEB54B884667592A6D6E56ABCA953437515E44AE9FC54146FBD444195367F7A8D8CDFC35636D1F2D51242B13568D8236EA65A5ABDD4BB517E5FFD06BA186CD204DA3FEFAAE8A38795496BB1CF88C4C69C7956E67BC0CEECE7EF3527D9F6D6914A85D6BD58C4F1E52E62AF954EF2AA655A9367CB54053D946CA95D7E6A6D048CDB4D65A929A68019B68DB4EA28286D028A6EEA9024A69A37531DA802291AA9BB7CD56246AACDF7AA19687A54C1AABAD4AAD400F66A6514500382D05694506A4646D4DA7B2D26DA0028DD4536900F56A76EA62D2D301D4EA68A5C5002D46EBF2D4B4C7FBB4011227CD5A56E8BB6B3875ABF0B7CB5422D6C5A8B6AEFA797A859FE7A00D3876AAD39DB735558DEAD42BB9EA46685AAED5AD14AAB0AED5AB317DEA902765F96AACACAB561DBE5ACF9DFE6A7113285DB7CD55EA59FEF54356724B7168A28A090A72D369CB5405A85AB4A16ACB8AAFC2D41AC0D24FBB4FDD5551AA5DD526D1076A84D3D9A986A4A23A46A7D36A80EB0A530C556B651B2B2E61F295C454A22AB0A94ED947314A257D94A12A7D946DA45A20D94E55A976D376D0509B68DB4FDB46DA091BB68DB4EA28246EDA70A6D385004AAB4B42D3AA406B542EB56997E5A81EAA2054916A94895A0EB55E45AD23233944CA912A2DB56E45A88AD6F19183890EDA36D4BB68DB45C0605A9234F9A80B52A7DEA99017214ABA8B55E1AB68B58C8E8822545A942D3516A70B593351BB68DB52EDA695A91F28CDB46DA751400DDB4EC514B40C4C518A7D1400CC5376D3CD32801BB691A959A98CD54483531A866A696AA2461A6352B532A841BA9CB4DA705A098932353F754629EB5258FDD4E0D5153D6A407D3A994B5250EA28A282828A28A0028A28A00298F52D44F412C81EAB4BF76ACBD549BEED691224645E35663D685E35669ADE271486B544EDF2D399AA276F96A842335445A82D5133506635DAA266A19A98CD4006EA169B4E5A404F0AEE75AEA34D4DAAB5CDDA2EE956BACB04F956B366B4B735635F96AE2557896ACA562CEE892AD4B4C14FA9340A28A28185145140828A28A0028A2933400B4868CD34B500368A4DD4DDD4123D5A9DBAA256A76EA603F7537753375377D01725DD49BAA2DF4DDF4EC1725DD4DDD51EFA697A2C04ACF4C67A88BD465EAB9492476AA7712D3A596B36E6E29C4CA522ADF4FF2B573F72FB9EAF5DCFBAB2A46AD4E59CAE44D494353682429D4DA750058B19FECF7D04BFDD7AEE5DBE5DC2BCFABB4B09FCFD32197EF36DDAD5C38C8ED23D4CB67AB8163CFE298B75B5F63FF00C06AACEDB7E6154E595674E7EF579FCC7B7CA6F097D69E195AB964D4A5B36D936E74FEF2FF000D6A417E8E9B832B29A14EE44A1634DF76EE29156A04B8575FBD5279BF2D6840FA566F96A1F3D7A531EE9568B8E3122BC9762573BA95D36D660DF37FE835A57F71B978FF00BE6B94BFB85DACBBB77F79BFBD584D9D34A266DF5D7DE5DDF2D739A93AB2D685CCFB9B71ACA9BE766CD54621391ABE1DF133C4E9A7DF3EE5FBB14ADFFA0B575932ACA9B85797CF06E5AE9FC33AF34AAB63787F7A9F719BF8D7FF008AABE53072352EA0DBFC359D2C5B6BA19515D735977116DA00C974AACC957E65AA8F544955D77561EA56ACACB347F7D2BA12B55678B7AEDA621BA3DE79B12D6DFCACBBBE6AE46266B0BDCFFCB27AE96175962DD4004CBB7A3552937B74F9AAECBB17AB55775665FEEFFB354A21CC543B51373FCDFEED52BED92DAEE1F79596B552DD5B729FE2ACFBEB5646DA9FC7438844B7A54AD12AAFF0FF00E835BEAEACBFC35CFD9FFABAD38D9957EF540CB6595BF856AD59D835D4BCFCAB55E04DECB5D169D16DF987DD0B570873CAC889CF923765A86DE2B74D91AED5A71A7B355777AF6A31E58D8F0E52E6973307AAEF4F2DBA9BB7755086A2FCD53B2FCB4E44A57F956A40A52AFCD50B54D2B7CD50B35500DA69A19A98CD5203B75359A98CF4CDF4012EEA6EEA88BD37345C64FBEA277A617A616A5CC1CA05AA2A5A2A4B05A916A3A75003A9569296811285A732D352A5A008B6D30AD4CD4C2B52321A36D498A31400C55A705A7EDA36D003714E0B453E80136D44FF0076A6A63AFCB542201D6AFC6BF2D540BF355D87EED003CAFCB55CFDFABBB7E5A80A7CD4124B056BDAA566DB2FCD5B36EBB56A596595F956AC43F7AAB3355B816A407CDD2B3CA6F6ABF70DB56A82BFEF6A90994AEE2DB552B56F13726EACA6FBD5472CD7BC14B494B4082A44A6D3D2A809E35ABB1AD558D6AEC6B52690274A9291169F526E86534D3CAD232D03194D34FA4AA11DBECA3654BB68DB5CF73422D94BB6A4DB450047B68DB525465A828615A36D05A933400B41A28AA0185A9BBA9C56A26AA2243B752AF5A8835481A80E6260D4F0D50EEA786A90E6272D503D3F7546CD444644D503AFCB52B3542ED57122453997E6A84AD4B237CD5116AD6262C6EDA36D37751BA98126DA78A837D481E8034206ABA8D5950CB5A113D63246B0917D1AA515551EA656AC99B227A696A4CD152505377514DA091DBA9D9A8E8A00933466A3A2801DBA9ACD49BA9B54034B523352B530D5122669A69D8A314088F6D1B6A7D94BB28E619084A76CA9B651B28E60E522DB4EDB52ECA3654811D3969DB6976D00252D14549414EA29B400EA29B4EA0029D452D0509513D4A6A27A64B2BBD53B8FBB571EA85CB7CB5A44CA662DE37CD59E5AACDDB6E7AA8ED5BC4E390C76A81DA9CED513B7CB4C918CD5116A0B530B5048D66A6D0D494805A72D3169EB52068582EE956BAEB15F956B98D2D7E7AEB2CD7E55A891D1451792AD25574AB495933AE24A2969052D49A05146EA4CD002D14CDD4DDD4012668CD47BA937502E61FBA9BBA98CD4DDF4C5724DD4D66A88BD30BD3B05C959E98CF5033D31A5AAE52398B1BE82F557CD5F5A635C2AFF00153E50E62DEFA4DF54BED4B4DFB52D1CA4F397F7D34CB59ED75FED537ED14728731A0D2D30CB54BCDA37D328B465A81E7A66EA85DA801B34B59B732D5A91AB3E6A7130994276AA4ED56E66AA4D567331868A29280168A29CB4005747E1B9F7452DB96E9F32D73B5B9E1F81FCD7993F856B2AD1E6833AB093E4AA99AB749B7E60DBAB12ED19599E36DB5A379A8AA7CAEAD58577A95BB370EAB5E2CAC7D2C398AB35FBAFCB3237FBCB559752581B7432EDFF0066A0BBBC85BF8D7FEFAAC79EF215EAFBAA6312E4CEA2DFC4CB137EFBE55FEF2D74363ACDBDE27EEE546FF815793CD7ABFF002CE276FF00C76AA7DB2F55F7C2ED0B2FF73EF55C4CA47B699FFBAD55E6B8F9769AF3DD3FC697B12AA5F44B32FF007D3E56AEA2DB56B7D4ADFCDB79777F795BEF2FFBD448222DE5C336EC57357B2B33356B5CCBBB72D64CE9B9AB3E53A39CC89BF8AA93A569CD155768AB689CF3919ED16EF96A94D032BABA332B86DCACBFC35B062AAF2455441D0E81ABFDB61F2A4FF5E9F7D6B4E688357051CB2D95DA5C43F787DE5FEF2D7736D789756C92A36E565A1819D729F7B1545D76AD6B5CAEEACAB8F97AFDDA00AC595AA37DBF77EF3524AFE94D1B9BA7CAB4C452BC81658996AC69171BED79FBC9F2D39D3E5ACEB666B7BB753F71DA803A3B289674673F3355836FB7F86ABE8F2ECB8F28B75AD6993E6AD62F433327CADAD515F40AD0AB6DFE2AD074F9AA95E5C44ACB096DADF7AA64515628BFCAD5C8D5BFD9A8D22DDD196B52C2C1A795557735472F30E52E525B0B779DD553EEFF00156FA6D822589295225B785624555FF7699B19ABD6C3E1F923CCF73C7C4E27DA4B956C1BB75376B354E22A9560AE839CAA22A9D22A9845B6876555A9018DB56A9CD2D3AE2E156B366B8DD41439DEA067A85A5A88BD2E61D898BD30BD45BA93751CC31FBA9BBA937515202EEA4DD45368186EA6D3B6D1B6818514EDB4AAB408653A959692801B46EA29B4012ABD4A1B754216A44A90275A6B501A919A818514DA72D002D0D451542194EDD43536801DBA876F96994D76F96801BBBE6AB90B550DDF355A85A803495BE5A8FF008A981FE5A15FE6A092EDB2FCD5AB174ACDB45F96B455BE5A89144ABF33D685BAFCB59F6FF33569C7F7690E24376DF2D64097F7D5A778DF2B56117FDF552219AEFF003C55912AED76AD485B726DAA1769B5EA8CAA220A28A75066152A54553C754059856AEC6B55E15AB88B526F02645A750B4B506A329AD52535A980CA61A7D34D023BEA66EA79A89AB1360DD4DDD48CD5117AA24977D319AA3DF485A8E51730ACF42B5572D4E46A7CA4F3168352D4495285A4581A8996A7DB46CA3980A6568AB3B29BB29F311CA3556A51405A76DA4503540F53B2D3196802ABB55595F6D5D74AAB241BAB4465233DDBE6A66EAB7F65A77D96AF9911CACA077526D6AD1FB2D3BECB473872999B5A9EAAD5A1F65A78B75A39C390A29B96AEC2CDF2D3C5BAD4A916DA8948B8C49A36AB48D50C6B56116B391B447D3A9A29E16B334129A56A5DB4DDB401153A9FB68DB40B948A8A93146281588B6D14FDB46DAA022A36D3F6D1B68019B69C16976D3B6D0035569DB69D462A406D3B14BB69DB68286628C53E8A043314629F4500331462968A062514B45002628A7EDA2801BB69D451400D350BD4CF55DE9C4965796B3EF1B6AD5E92B26FDFE56AD226156462DC36E76AA6ED52CADF3355776ADE2718C2D503B53CB546ED4C9236A6539AA3A400D4943536801D52A544B52A5481B1A5575569F76B95D35B6EDAE96D5BE55A891D144D44AB095511AAC23564CEB8963751BAA2DD4DDD48AB92EEA4DD516FA697A760B92EEA6EEA84BD359E8B13CC4ECF4D2F555A5A6196AB94398B45E98D2D5579EA07B8A7CA2E62EB4B51996A835C544D71F2FDEAAE52798B72DC6DAACF79FED5529A7AA4F3D6B1818CA469BDEFCB555EF5BFBD59925D7CB55DA76AD140873363ED9BBF8A9EB71FED56224AD56A396894023235567A955EB391EAC23566E26B165D0F5206AAA1A9E1AB2E53427DD4D76F969A1A98ED4144325509DAADCCDF2D67CCD4D1CF3294ED551AAC4CD554D51CE251451400B4EA6D3A80156BB1F0CC1FE8ACC57AD7251AEE755FEF57A0E936FE45922FFB353236A5B987A85AEE66C2AFCBF7AB9BB9B34DCD94566FEF5767AA2AC574DBBEEBFCD5817902B6E6DBFF007CD78B561691F4D4677823939ECE1DCDF22EEACF92D53770B5BB7516D6FE2ACB997EF7DEA889A48CA92055AA4E9F356A4CBF355375AB20A4CBB69229E5B5956585D91D7F896A675AAAF408D98BC4CCABB6EA1DCDFDF4FF00E26AFC37F697ADFB99577FF75FE56AE3D977353B6EDA00EC5EDDBF896ABB40AB5816BACDED9CAAAAFE6C5FDC7F9ABA0B6D46DAF5768FDD4BFDC76A0089E25AA9345F2D6ACB16DFE1AA522EEAA24C39E2AB9A0DFF00D96EBECD237EEA5FBBFECB52CD16EAA92C1E9F2D303AEB85AC9BA4F4AB56178D716EA9332F9AABF7BFBD44C94AC17321A2F9771A4546DBFDDAB6F8DD50BD388A440DF7785ACF99195FEEFDEAD3DBED523DAABA55D89B9956F71340CADF7987F17F156C26B8CCAAAF132B7F795AA97D9FE6A7083FD9A405B975195FEE26D5FEF557D892FDFA11593F87E5AB09B59BEED004B67670B4AADB9BFEFAAED2C62582DD70BB56B0F48B3697E7DBF2AD74488DB6BB30B46EF9D9C38CAD65C91136EE6A9427CB404A7EE555AF44F306AA549B9556AB4970AB5466BDF4A451766B855FE2ACFB8BDFF6AA8CD74CD551D99AA47CA4B35D6EAAACECD4ED8CD4794D48A22DCD454DE553BCAA9E5021DB46DA9BCAA3655728C876D2EDA7E28C54D86336D1B69F8A31400CDB46DA7E28C50026DA29D45500D34CA7D3680194E0B4351BA801E297350EFA37566058DD4DCD3169C2818FA72D345396A843E8A28A006EDA4DB4FDB4DDB400C2B513AFCB5636D44EB5232BAAFCD56225FBB510EB5692A8448ADF2D1136E7A1A887FD6D006D5A2FCB566AA5B3FCB5691B73D48176D96B493EED53B65F96AEAFDDA9199B7EDB55AB9D79FF007D5BFA8B7CAD5CACADFE915502246FD9CBBA96F17F8AA959BFDDAD29977C5BAA8996C66D3A83F7A8A0C072D588D6ABAD598EA8225C856AEA2D5486ADA5666F1265A75028A46A3691A95A92801B4C6A7D31A988EF0D44CB560AD44CB5CE6CC85AA075AB4CB5114AD224B2BEDA196A7D94BB29F30B94A9B29512ACF954A22A398394622D5845A0253D56A252186DA36D4816976D497CA45B299B2AC6DA465A7CC2B106CA76DA7EDA76280B11EDA632558DB48CB473058AAC95118AAE95A614A772794A7E551E555CD946CAAE60E529F954EF2AAD6CA3651CC1CA55F2A9DE5559D946CA9B87295BCAA51155AD946CA2E55888254A169CA94F55A5CC161A169FB680B4EA458DDB46DA751400DDB46DA751400DDB494FA6D0026DA6EDA7D25021BB69314FA280198A5DB4EA2801BB69D451BA800A29BBA8DD400EA29BBA8DD400EA29BBA933400B452668CD002D1499A33400FA2999A33400FA3753334D2D40B981DAA076A733542ED5484C8A66AC0D49FE56AD6B87DAB5CFEA32EEAD627255919AED5096A7BB5405AB5394466A88D38D46DF768018D4CA56A46A006D14525480F5A7A5442A55A00D7B06FBB5D05B3FCAB5CD5A36DDB5B504BB687137A5237E37A995EB2A39EAC2CF59729D3191A3BEA367AADE6D1BE8E52B98B05EA3696A1DF4D66A3949E62532D30CB51335445EAB94398959DAA22F48CF51B353B0819AABBB354AD513D512425DA99B9AA46A632D508AB2556916AEC8B54DD6AD19B294ABF2D42D56A6AAAD5A4489007AB11B55555AB70A5120897236AB48D5044956912B191AC47A354A298169E2B23543EA276A716A89DA809488666ACE99AAE4AD54266AA309B2A49501A95FEF544683112968A280014EA1696802EE99179B7A8BFED57A2C2BB6255AF3FD1DB6DF257A027DC5A4CE8A3B19BADC1BEDD65FEE573336D65FBDB6BB69A25962643DD6B8DBC8BCA95E275F983579B8A859F31ECE0EADD7218D749B97EF562CE9B5AB7A7ACBB94FF6AB8CEFB98B22B76AA92236DAD3996A9488CDFC354233E45AA927CCD5A122D5329F35324AE89F3539EA6D9B56A19168110469BA5A9D976AD10A54AEB400B0EAF776ABB7779A9FDD7AB1FDB2B2AEE30B2B7FB2D59CE9B9A9AC9B6802D4FA92AFCDB1AACD82A5E26F3BBFDDACA99374557342976AECFF006A8E60B1D045044BB708AB8FE2A959777CA69C9F32D3F6EE5E68E624CABB4F2B7354B0D96E89652DBB754D716ED2FCA1A9F67FBA85A193B7DDAD6121345692055A6C4BEB575D55BA6DAAAECAB4E44951D7E76614DA91957B3547B5A900E0DFECD69697A73DECCAA8BB57F89AAD68FE1F9AF76CB27C907F7BFBD5D6456715AC4A90A2AA8AE9A38794F567256C4C61A4771B0DAC56F12A27DD14F6DAAB48DBAA09376DAF4631E5D0F2E52E6D6439E555AA735C6DFE2A49B75537566A008A49D9DA99E53354EB17CD56512828CFFB2B51F67AD4D8B5194A00CFF228F2AAD15A6350056D946CA95A9280222B5132D4C698CB4010EDA29ED4C6A06368A28A403A9B4EA6D001451450025369D4D3400C6A6D0D4DDD525126DA36D377D3B7548C55A753569E2801C29CB4D14E5AA10F5A753569F400526DA5A28018D514B53B5412D48107F15594A817AD5845AA002D4E89BE7A63FCB4D8DFE7A00D781AB42DD773567DAFCDB6B62D92A581A10FCAB567F86A04FBB52FF0D48CCAD49BE56AE4E47FF48AEA753FB86B8C99BFD21AAA0448DAB497EED6D44DBE2AE62D1DB72D74366DF2D6920209176BD2558B95F9AABD49CD2DC55AB11D575AB11D5044BF0D5A4AA71D5C4ACCDE24CB4522D2D06A14CA7536801B494B49408F41A632D2EEA375739D030AD336D4B4504916CA36D4B4530B11EDA76DA75140F946EDA785A29DBA9005146EA375050534FDEA76EA666810B40A4CD286A007D1406A37503136D1B6968A0066DA36D3A8A04376D3B6D145030DB46DA28A005DB46DA4A280176D1494BBA801D45369375003E8A66EA375003E9BBA99BA8DD4087EEA37533751BE801D4533346681730FDD4DDD4CDD46EA03987EEA4CD47BA937D315C9734DDD4CDF4DDF482E4BBA8DD506FA37D5582E4FBA9BBAA1DF4DDF4582E58DD46FAAFBE937D162798B1BE8DF55F7D1BE8B073136FA37D57DF46FAAE50E62C6FA6EFAAFE6D234BFED51CA1CC59DF48CF54CCEBFDEA635C2D1CA2E62E33D56925AACF74BFDEAA735D7FB54D44CE5324B99FE5AC0BB7DCD5627B8DD59F2B6EAD63139A72B9116A899A94B546CD566434D35FEED3A987EED20236A61A7534D4809451450028A956A214F5A00BF036DAD485EB1A16ABB0CB545236525AB092D65C4F5691E8E53A232343CDA37D555969C1EA794BE62D6EA5DD55D5EA4CD4D863DAA27A7EEA616A0644D4DDD43546CD5448F66A633534B530B5572880B5359A9A5A93753246BD5592ACB355591AA912CA1335576A9E6AACD5A1992255B85AA92D5A85A86389A5135590D54A26AB21AB191AC4B1BA8DD516FA37D417CC3D9AA276F9682F513B504C88646AA52355A91AA9CB546322BBD329EF4CA9321B4EA6D3A8282968A2802EE9ADB6F53FDEAF4387E6896BCDA07D93237FB55E83613ACB6A8D52CDA896EB81F126AF15BF8962B19B6A79C9B91BFBCD5DDBB32A6EAF3CF105943A8F8FB4D5997EE44EFFF0002ACE74F9E363B2955F672B91CD59B32B55BBDBFB48B58974E2EAB28F9957FBCB50C95E44E1284ACCF6E138CE37465CA95524AD0996A93AD49667CAB506CABAE9F3542EB56414DD6ABBAEEABAEB50BAD00448B4F65A9513E5DD4D2BB9B6D022154DCD448956225F9A95D290145D7E46AAF66FE45D7FBD5A1227CB59B708CAEAC2819D75B4BB916AC86AC1D32F372EC35A61997A5320B4CD51BBD47E7FF0009A89DFD1AA807975FF76A076A8E5976AEE66F96B9DD4BC4F6D6BB920FDF4BFF008E8AB8C798894E31379DD1119E465545FBCCD5CB6A9E2863379160DB533832EDEBF4AC0BED5AEF506FDFCA76FF007074AA91FF00AD5FAD6D0858E69D4E63E98F0C36FF000F5A36EDCCC8B5A6E9589E0C766F0D5A67FB8B5D057A913CB9151A2A89D2AEB2D4122D0499B322D57F23755D75A445A02255F229C22AB7B29ACB4145665A8D96AC3AD466802ABAD5775ABAD503AD005466A6EEA7BAD47400534D3A9A68018D51353DA98D4808CD2D21A4A063E8A4A28016834DCD0680129ACD46EA42D52035A9AD4EA19682862D3D69BB69D5203D69E2A15A7EEAA192D3B7541BA9C1A811306A72B5441A9EB4012AB53AA25A7AD000CB55E5AB5504AB520551D6A70D4CDBF3539FE55A006BB6EA7C08CCF5559B6BD6A59AEEDB408D0B38B6EDADA816A95B27CAB5A11AEDA5228B4952FF000D44952FF0D2031F525F91AB8EB85FF486AEC752FB8D5C65D3EDB8AD20448BB6FF002D6CDA3D73904B5AF68FF76A80D5B8F9977556AB3F7A2AAC7AD49CF3F8855AB11D575A9E36AA144BD1D5A4AA91D5A4A936896168A6AB51526814DA753681852514DAA03BCDD46EAAFE6D1BEB9EC6D72C6EA37557DF46FA2C172C6EA37557F368F368B05CB1BA8DD55FCDA3CDA2C172D6EA37555F368F368B05CB5BA8DD557CDA3CDA2C172D6EA616A83CDA467A2C172C6FA37D55F368F368B13CC5F0D466AAACB479B458AB96B34DDD55FCDA3CDA2C172C6EA37557F369BE6D160B96B751BAAAF9B479B4582E5ADD46EAAFBE8DF4582E58DF46EAAFBE9775160B93EEA766A0DF4DDF4582E59CD377541BE8DF4582E4FBA9BBEA1DF4DDF4589E62C6FA4DF55F7D377D5728731637D1BEAAEFA4F368E50E62CEFA37D54F368F368E517316B7D1E6D53DF48D2D1CA1CC5BF3693CDAA465A89AE29F293CE5E69693CDACD7BA6A81AF3FDAAAE417B535FCDFF6A9BE7AFF007AB1DAF3FDAA89AF1BFBD55C84FB5371AE16986E96B0CDE7FB54C6BCFF006A9FB227DA9B66E97FBD49F6C1FDEAC0FB67FB54BF6AFF006AABD90BDA9BDF6CA6FDABFDAAC75B8FF6A97ED1FED54F20739AFF006AA6B5D356679F479F4720F98D06BA6A85EE9BFBD549A7A81E5A3945CC5F7BA6FEF544D70DFDEAA0656A633B5572925B7B8FF6AABBCFBAABBBB545BA9F299CA44AEF50BB505AA276A46634B5328A2801AD487EED2B531FEED0031A98694D25480DA28A2801C29EB4C14F5A0094354C92EDAAB4EDD551034A3B8AB4B71FED561EF65A70B86FEF559A44DF4B8A9927AC28AE3E6ABB1CBBA9F297191AE92D48B2D6724B4FF3EA394BE6343CDA37D67F9F479F4B947CC5D66A88B557F3E9867A0398B05AA32D50F9EB4D69698894B530B54465A88CB5404E5EAACAF4196ABBBD3891CC452355766A7CADF2D572D56412AB5588DAA907A991E8034A37AB41EB351EAC2BD66CB8C8B9BE8DF5577D3B7D40EE582F513BD337D445A809481DAABBD3D9AA06A0CA431A9B4E6A6D4884A2968A090A75369D4143875AEE74456FB22E6B8FD36DFED17689FC35DF5BC4B044A816A59B528F5259BFD5362BCA3E236A0DA1EB1A56A8BFC0FB5FFDD6FBD5EAAEDF2D7957C62B4F3BC3DE78EB136EA46F6BE873DF10226BDB1B5D6F4E6F997E6664FBD595A0F8E92754B6D4B092FDD12FF09AB3F0FB568B53D327D16ECA9655FDDEEEEB5C06BF60FA6EB7716ECBB555FE5FA5615A1199D742A4A3A1EC3BD254DE8CACADFDDAAF2A5799681E24BBD32754772F6FFC487B57A7C2E979689710FCC8EBBB72D79F3A5C87A54AAF394A55DB55646ABF344D549E06A92CA8EDBA911373735398A9CA9B5681113FCAB512F7A95D69BB76AD003E15F97750F46EDA9B6985D6801A5772D549E2DD574B7CB4C650DD68E50B95224646DC3EF569C375C6D6AAADB56AACD7011777DDAB8C4CE523525B84AAA6EB6AEE2DB56B0A4D66256DA9F3355796F259FEFB7FC06B58D2B98BAA49E22D59DA0F2613856FBCDFDEAE4AAFEA529793159F5B72A5B184A4DEE152C1FF001F09F5A8AA48CED756F7AA8927D1DE0F6FF8A7ED7FDDAE8375727E0697CDF0EC1FEED7521ABBE27048733531FE6A52D513BEDA092274A87EED4C5AA17A007546D4EA6350046D519A91EA13400C6A8DA9CD4CA0A2275AAAEB571EAB3D00576A4DD4AD4C6A006B5329CD4D348069A4A534940C28A6D1400EA6B51BA92A4A0A6D3A9AD400514535A82475369296828753AA3A76EA00751BA9BBA8DD523250D4F0D5086A786A044C1AA40D5583548AD40136EA648D4DDD4C91A8019BBE6A6CAFB9698CD513BD04C870F99AB4AC1FE65AC847F9AAEDA3B6F5AA11D65A37CB5792B2AC5BE5AD44A89145B4A7D469522D228CAD497E46AE1752DCB715E857C9B91AB86D5E0DAECD5488915AD9AB6AD1BEED61DB356BDB3D684A66EC2DB92A297E56A4B67A59FEF5044C66EA9E36AABBAA68DA999C4D18DAADA5508DAAE235236896169775461A97754963B7537751BA9280168A4A2803A6FB42D1F685ACAF3E8F3EA6C55CD5FB42D2FDA2B2FCFA3CFA2C1734FED0B47DA16B2BCFA4F3E8B05CD6FB42D1F6A1593E7D37CFA3909E635FED4B47DA96B1CCFF00ED537ED155C81CE6C7DA968FB52D62FDA28FB451C81CE6D7DA97FBD41BA5FEF563FDA28F3E8E40E6354DD5396EBFDAAC6F3E9C27FF006A8E51731B4B754EFB556379F4E59EA7907CC6BFDAA8FB4564ACF4EF3E8B0731A9F68A559EB3565A9D1E9729572F6FA707AAAAF5286A3942E4FBA9775441A9DBA81F30FDD4EDD4CA29144B9A6EEA6D14006EA4DCD4D6A6EEA64F3126EA375474501CC3A8A6D3A801AD4C353EDA8CAD004746694AD232D020CD46CD432D31A801AED55DDAA57AAEF5712644323D53796AC4955DD6B5464E25779DAA16B86A7C8B555AAE243439AE1AA369DA98692AC81FE6B53D656A8453D6802D096A4596AB2D3C541A16D5EA4DF5596A4DD50CA8B1E5A985A8A36D4811B526DA9B650C947315CA5665A8DAAD3254452973193895DAA17AB0EB55CD06721B4DA28A042530F4A7B546F5204669B4E34D3400DA75368A0090528A60A70A009168A16A4DB545223A4DB52EDA5D94E26B1215DCAD56E196A2D94E54DB563B1A11CBB854BBEA844DB6AC86A404DBA9A5A9375368280B530BD0698D40079AD4DF3E98D513B50492B4B4DF36AA96A035322459DF51B3545BA82D542192B7CB555DBE6A9657F96AA16F9A80260D53A35520D532354F3017D1EA757AA08D5611AA25224B5BE943D575A90520B926EA0B5328A02E21A8DAA4351B5492235376D39A8A006EDA36D3A9680136D1B6968AA28B1A7DD7D96E55CFDDAEEEDAE12E215746AF396AD2D2B567B39551DBE4A9944D613B1DBBB570BF132D5AEBC2B7488BF305DD5D7C7789708AC8D597E20B7FB46937085777C8D526F1F88F96749D465D2B538AEA362191B9FA57A2F8BB4D8B5ED0A2D62CF6BBEDDCDB6BCCEF62315F4C87A8735D6781FC42D6D71FD9974736F37CA33FC358AECCE89E9EFA38F8DB64B5D9785FC46DA4CEB6F3B335ABB7FDF355FC6FE1DFEC9D404F027FA3CBCF15CEC570ACBB1EB29C3A33784EDAA3DC8A457112CB1ED653FC4B54A6836FF0D711E19F15BE92CB6D76DBED5BEEB7F76BD1125B7BD85658595D0FF12D704E12833D1A538CD18AF1544E8CABB6B5E68157EED67CAB5059419698D561D6A06AB218C66DD4CDB4F2CB5567BC8A25F9D96AE2448B05BE5AAF25C245FEF5655CEAEBD9B6AD63DCEB00FDDF99AAA313294CDFB8D45517716AE6F51D5DEE1B6467E5AA13DDCB31F99B8A48137366B6840C653BEC5DB54DABB8D5A795556AB6F544A40AD2A33D6DB91B142E5F7CECD50D39FEF9A6D412152C63748ABEA6A3AB9A744D3DF4283BB55C5099EF3E0A8BC8D0605FF66BA80D591A0C1F67D2604FF66B4D5ABBA270CB71CED54DDBE6AB32B7CB55D977350660ADBA9ADF7AA555F969BB68286531A9E6A26A0089E9869E698680226A6354AD5133505113D40F52BB544ED401095A6353CD44D400D6A61A73534D201869AD4E34C6A06145369D520368A28A0A0A28A6D003A86A6EEA466A09168DD51668CD4944BBA9375479A75031F46EA4A280156A556A8569EB4012D3A9A29D4806EEA64AD5262A375A6047F7A91E26A9516ACED565A0467F9556AD93E75A7945A22F95D6A893A2B25F956B512B2AC9BE5AD54A8914584A996A14A99690C8EE5772571FAC41F7ABB397E656AE6F558BE56A7122471D136C7DB5A56F2D67C8BB666AB10EEAD4889BF6D2D5A99B72D65DB67E5AD265DC94442643524751E2A44A6625D85AAEA35518DAAD235291712CAB53B7530352D06A3B751BA9B45031DBA8A6D25004C25A76F6A816A4A6225DED46F6A8E8A403B7D377D21A67F15003F7B5377B535A91A980A5DA98CF43536824199A8576A4A2801FBCD3F7B544B450049BE955E994E5A007EF6A72BD44B4F1401306A9035402A55A404A8DF355A46AA6B5612A4A2E2354A1AABA54C940C9C3548B51A548B5250E5A75369D48B1691A8A6B50034B546CF43D44D4C825DEB4F56AAAB52A50493539698B4F5A45C4751452D050CDB432D3E92901015A85D6ACB542F4C92A3D567AB52D557A6882BBD42EB560D40F5A08A532D527AD19BEED5292AE2C868A6ED4CDD4F7FBD4CABB99D8706AB08D5556AC251711612A4A8D2A5A5728053D69829EB4871245A942D469F7AA75ACE45C4156976D3969D5259015AAF22D5A7AAF25064CA7255635664AAC6AA261223A1A8A1AA4431A98DD295A91FEEB500454D6A7527F15480DA3750D4DAA2876EA786A8A9CB5449612A65AAE95613EED4948902D4812916A65AA364279546CA945145CD08B653C2D3E8A2E0146DA75145C5618CB51B2D4ED4C345C65675AACF56E5AAAF4CCD959DA9A1A893EF5368249334D2D4535AA892291BE5AAA7AD5993EED553F7A801C1AA64A856A64FBD401612AC25574AB09512249C53C2D3129E2A491FB691969686A404669A69E6A2A601494B4500145145003A9B4EA6D500C6A66DA95AA36A0A2ED86A52D9BFDEDCB5D0AEA315FDBB206F98AD7215A1A57FC7C54C8D2126784F8D6C85978A2EE355C0DDBAB2F481BB54B7FF7ABA4F897FF00235CDF4AE7347FF90ADBFF00BD5CD2DCF4A3F09EC12245A8D8A595EA6F565F95ABCAFC4FA1BE89A9B458FDD3728D5EA69FEAA0FF0080D735F12FEEDAD11F796A4C74763CFA3B8F9363D6AE8FE23BCD0E6C44E64B7FEE3560D38FDD5AC9FBCB5374F9763D674FF16E9FAA22AF9AB14BDD1EAE4AE8FF0030656AF1C83FE3E13EB5E83A7FFC7BAFD2B9A74D23AE95594B735669557AB2D65DE6AF696A3E795777F76A1D43FD53571379FF001F0D4A114C7526D1B779E2767CAC0BB47AD634DA84D2B64B1AA7457446091C929B639E577FBC6994515440F542C6AEA2EC5A820A9E8280AB3B55D8D36DA35544FBD5A09FF1ECDFEED6D0339B39F3F78D369CFF007DBEB4DAC4A16B5341FF0090BDBFFBD5982B5FC3BFF219B5FF007AAE044F63E88B2F96CA25FF0066AC6EAAF69FF1EA9FEED48D5DD13CF623B5342FCD487AD3D28042D30B539BA530D2288DDAA26A91AA26A0061A8D9AA435135302376A84B53DEA16A006B354469ED4C348A226A6353DEA26A004A69A29A681886994AD49520369D4DA2800A6D0D49400B48CD45466828334B4DA75048DA28A6AD4964945149FC5400EA29296900E5A7AD3169EB4089453C544B525003EA2969F51494C91A3AD59DDB6AA8FBD531E9400335207F9D69AD4C1F796A80E8AC1FE55AD946F96B0EC3F86B612A24517226AB0AD5552AC0A4039AB0F545F95AB71AB1B52FBAD4A24C8E36ED556E2A5871505FF00FAEA7435B88DAB6DB5A49B592B1ADAB5A1FBB41322275DAD4F4A1E85A0E72C455692AAA55A4A0B896169F4C4A94506D11B494B49414145145023FFD9,2,'Maianga','Abilio','Anita','Adao','Abiel',0,0,0,0,0,NULL,NULL,NULL),
 (2,'Adão Pedro Cassule','2018-05-16','9234567899','adao2008@hotmail.com',NULL,'46576879685746gg',NULL,1,NULL,NULL,NULL,NULL,NULL,0,0,0,0,0,NULL,NULL,NULL);
INSERT INTO `estudante` (`pk_estudante`,`nome_completo`,`data_nascimento`,`telefone`,`email`,`endereco`,`nbi`,`foto`,`fk_sexo`,`naturalidade`,`nomePai`,`nomeMae`,`nomEsposa`,`nomeFilhos`,`fk_igreja`,`fk_funcao`,`fk_habliteraria`,`fk_habprofissional`,`fk_estadocivil`,`outrosCursos`,`dirigenteIgrejaLocal`,`dataEntradaIgreja`) VALUES 
 (3,'Abiel Morais','2018-06-06','456556','sdfgb',NULL,'34567',NULL,1,NULL,NULL,NULL,NULL,NULL,0,0,0,0,0,NULL,NULL,NULL),
 (4,'Elizabeth Fernandes','2018-06-22','654432','sdfgh',NULL,'23456',NULL,1,NULL,NULL,NULL,NULL,NULL,0,0,0,0,0,NULL,NULL,NULL),
 (5,'Vanuza Paulo','2018-06-01','566543','asdfgh',NULL,'345678',NULL,2,NULL,NULL,NULL,NULL,NULL,0,0,0,0,0,NULL,NULL,NULL),
 (6,'vbcbvb','2018-08-18','787ik',' mnmn',NULL,'9797k',NULL,2,NULL,NULL,NULL,NULL,NULL,1,1,1,1,1,NULL,NULL,NULL);
/*!40000 ALTER TABLE `estudante` ENABLE KEYS */;


--
-- Definition of table `forma_pagamento`
--

DROP TABLE IF EXISTS `forma_pagamento`;
CREATE TABLE `forma_pagamento` (
  `pk_formaPagamento` int(11) NOT NULL AUTO_INCREMENT,
  `designacao` varchar(205) DEFAULT NULL,
  PRIMARY KEY (`pk_formaPagamento`)
) ENGINE=InnoDB AUTO_INCREMENT=2 DEFAULT CHARSET=latin1;

--
-- Dumping data for table `forma_pagamento`
--

/*!40000 ALTER TABLE `forma_pagamento` DISABLE KEYS */;
INSERT INTO `forma_pagamento` (`pk_formaPagamento`,`designacao`) VALUES 
 (1,'Banco');
/*!40000 ALTER TABLE `forma_pagamento` ENABLE KEYS */;


--
-- Definition of table `funcao`
--

DROP TABLE IF EXISTS `funcao`;
CREATE TABLE `funcao` (
  `pk_funcao` int(11) NOT NULL AUTO_INCREMENT,
  `designacao` varchar(200) DEFAULT NULL,
  PRIMARY KEY (`pk_funcao`)
) ENGINE=InnoDB AUTO_INCREMENT=3 DEFAULT CHARSET=latin1;

--
-- Dumping data for table `funcao`
--

/*!40000 ALTER TABLE `funcao` DISABLE KEYS */;
INSERT INTO `funcao` (`pk_funcao`,`designacao`) VALUES 
 (1,'Enginheiro'),
 (2,'PROFESSOR');
/*!40000 ALTER TABLE `funcao` ENABLE KEYS */;


--
-- Definition of table `habliteraria`
--

DROP TABLE IF EXISTS `habliteraria`;
CREATE TABLE `habliteraria` (
  `pk_habliteraria` int(11) NOT NULL AUTO_INCREMENT,
  `designacao` varchar(150) DEFAULT NULL,
  PRIMARY KEY (`pk_habliteraria`)
) ENGINE=InnoDB AUTO_INCREMENT=3 DEFAULT CHARSET=latin1;

--
-- Dumping data for table `habliteraria`
--

/*!40000 ALTER TABLE `habliteraria` DISABLE KEYS */;
INSERT INTO `habliteraria` (`pk_habliteraria`,`designacao`) VALUES 
 (1,'Mestre'),
 (2,'LICENCIADO(A)');
/*!40000 ALTER TABLE `habliteraria` ENABLE KEYS */;


--
-- Definition of table `habprofissional`
--

DROP TABLE IF EXISTS `habprofissional`;
CREATE TABLE `habprofissional` (
  `pk_habprofissional` int(11) NOT NULL AUTO_INCREMENT,
  `designacao` varchar(200) DEFAULT NULL,
  PRIMARY KEY (`pk_habprofissional`)
) ENGINE=InnoDB AUTO_INCREMENT=3 DEFAULT CHARSET=latin1;

--
-- Dumping data for table `habprofissional`
--

/*!40000 ALTER TABLE `habprofissional` DISABLE KEYS */;
INSERT INTO `habprofissional` (`pk_habprofissional`,`designacao`) VALUES 
 (1,'Enginheiro'),
 (2,'MESTRE');
/*!40000 ALTER TABLE `habprofissional` ENABLE KEYS */;


--
-- Definition of table `igreja`
--

DROP TABLE IF EXISTS `igreja`;
CREATE TABLE `igreja` (
  `pk_igreja` int(11) NOT NULL AUTO_INCREMENT,
  `designacao` varchar(100) DEFAULT NULL,
  PRIMARY KEY (`pk_igreja`)
) ENGINE=InnoDB AUTO_INCREMENT=5 DEFAULT CHARSET=latin1;

--
-- Dumping data for table `igreja`
--

/*!40000 ALTER TABLE `igreja` DISABLE KEYS */;
INSERT INTO `igreja` (`pk_igreja`,`designacao`) VALUES 
 (1,'Magos'),
 (2,'FILIPE MARTINS'),
 (3,'SIÃO'),
 (4,'SÃO PEDRO');
/*!40000 ALTER TABLE `igreja` ENABLE KEYS */;


--
-- Definition of table `mes`
--

DROP TABLE IF EXISTS `mes`;
CREATE TABLE `mes` (
  `pk_mes` int(11) NOT NULL AUTO_INCREMENT,
  `designacao` varchar(45) DEFAULT NULL,
  PRIMARY KEY (`pk_mes`)
) ENGINE=InnoDB AUTO_INCREMENT=10 DEFAULT CHARSET=utf8;

--
-- Dumping data for table `mes`
--

/*!40000 ALTER TABLE `mes` DISABLE KEYS */;
INSERT INTO `mes` (`pk_mes`,`designacao`) VALUES 
 (1,'Março'),
 (2,'Abril'),
 (3,'Maio'),
 (4,'Junho'),
 (5,'Julho'),
 (6,'Agosto'),
 (7,'Setembro'),
 (8,'Outubro'),
 (9,'Novembro');
/*!40000 ALTER TABLE `mes` ENABLE KEYS */;


--
-- Definition of table `nota`
--

DROP TABLE IF EXISTS `nota`;
CREATE TABLE `nota` (
  `pk_nota` int(11) NOT NULL AUTO_INCREMENT,
  `valor` double DEFAULT NULL,
  `data` date DEFAULT NULL,
  `hora` time DEFAULT NULL,
  `fk_semestre` int(11) NOT NULL,
  `fk_disciplina` int(11) NOT NULL,
  `fk_ano_lectivo` int(11) NOT NULL,
  `fk_estudante` int(11) NOT NULL,
  `fk_tipo_nota` int(11) NOT NULL,
  PRIMARY KEY (`pk_nota`),
  KEY `fk_nota_semestre1_idx` (`fk_semestre`),
  KEY `fk_nota_disciplina1_idx` (`fk_disciplina`),
  KEY `fk_nota_ano_lectivo1_idx` (`fk_ano_lectivo`),
  KEY `fk_nota_estudante1_idx` (`fk_estudante`),
  KEY `FK_tipo_nota` (`fk_tipo_nota`),
  CONSTRAINT `fk_nota_ano_lectivo1` FOREIGN KEY (`fk_ano_lectivo`) REFERENCES `ano_lectivo` (`pk_ano_lectivo`) ON DELETE NO ACTION ON UPDATE NO ACTION,
  CONSTRAINT `fk_nota_disciplina1` FOREIGN KEY (`fk_disciplina`) REFERENCES `disciplina` (`pk_disciplina`) ON DELETE NO ACTION ON UPDATE NO ACTION,
  CONSTRAINT `fk_nota_estudante1` FOREIGN KEY (`fk_estudante`) REFERENCES `estudante` (`pk_estudante`) ON DELETE NO ACTION ON UPDATE NO ACTION,
  CONSTRAINT `fk_nota_semestre1` FOREIGN KEY (`fk_semestre`) REFERENCES `semestre` (`pk_semestre`) ON DELETE NO ACTION ON UPDATE NO ACTION,
  CONSTRAINT `FK_tipo_nota` FOREIGN KEY (`fk_tipo_nota`) REFERENCES `tipo_nota` (`pk_tipo_nota`) ON DELETE NO ACTION ON UPDATE NO ACTION
) ENGINE=InnoDB DEFAULT CHARSET=utf8;

--
-- Dumping data for table `nota`
--

/*!40000 ALTER TABLE `nota` DISABLE KEYS */;
/*!40000 ALTER TABLE `nota` ENABLE KEYS */;


--
-- Definition of table `preco_confirmacao`
--

DROP TABLE IF EXISTS `preco_confirmacao`;
CREATE TABLE `preco_confirmacao` (
  `pk_preco_confirmacao` int(11) NOT NULL AUTO_INCREMENT,
  `valor` double DEFAULT NULL,
  `data` date DEFAULT NULL,
  `hora` time DEFAULT NULL,
  `fk_curso` int(11) NOT NULL,
  `fk_tipoConfirmacao` int(11) NOT NULL,
  PRIMARY KEY (`pk_preco_confirmacao`),
  KEY `Fk_tipoConfirmacao` (`fk_tipoConfirmacao`),
  KEY `FK_curso` (`fk_curso`),
  CONSTRAINT `FK_curso` FOREIGN KEY (`fk_curso`) REFERENCES `curso` (`pk_curso`) ON DELETE NO ACTION ON UPDATE NO ACTION,
  CONSTRAINT `Fk_tipoConfirmacao` FOREIGN KEY (`fk_tipoConfirmacao`) REFERENCES `tipo_confirmacao` (`pk_tipo_confirmacao`) ON DELETE NO ACTION ON UPDATE NO ACTION
) ENGINE=InnoDB AUTO_INCREMENT=5 DEFAULT CHARSET=utf8;

--
-- Dumping data for table `preco_confirmacao`
--

/*!40000 ALTER TABLE `preco_confirmacao` DISABLE KEYS */;
INSERT INTO `preco_confirmacao` (`pk_preco_confirmacao`,`valor`,`data`,`hora`,`fk_curso`,`fk_tipoConfirmacao`) VALUES 
 (1,50000,'2017-07-09','13:20:00',4,1),
 (2,40000,NULL,'12:33:17',5,2),
 (3,56000,NULL,'14:49:54',6,1),
 (4,8999,NULL,'13:09:14',3,2);
/*!40000 ALTER TABLE `preco_confirmacao` ENABLE KEYS */;


--
-- Definition of table `preco_propina`
--

DROP TABLE IF EXISTS `preco_propina`;
CREATE TABLE `preco_propina` (
  `pk_preco_propina` int(11) NOT NULL AUTO_INCREMENT,
  `valor` double DEFAULT NULL,
  `data` date DEFAULT NULL,
  `hora` time DEFAULT NULL,
  `fk_usuario` int(11) NOT NULL,
  `fk_curso` int(11) NOT NULL,
  `fk_classe` int(11) NOT NULL,
  PRIMARY KEY (`pk_preco_propina`),
  KEY `fk_preco_propina_usuario1_idx` (`fk_usuario`),
  KEY `fk_preco_propina_curso1_idx` (`fk_curso`),
  KEY `fk_preco_propina_classe1_idx` (`fk_classe`),
  CONSTRAINT `fk_preco_propina_classe1` FOREIGN KEY (`fk_classe`) REFERENCES `classe` (`pk_classe`) ON DELETE NO ACTION ON UPDATE NO ACTION,
  CONSTRAINT `fk_preco_propina_curso1` FOREIGN KEY (`fk_curso`) REFERENCES `curso` (`pk_curso`) ON DELETE NO ACTION ON UPDATE NO ACTION,
  CONSTRAINT `fk_preco_propina_usuario1` FOREIGN KEY (`fk_usuario`) REFERENCES `usuario` (`pk_usuario`) ON DELETE NO ACTION ON UPDATE NO ACTION
) ENGINE=InnoDB AUTO_INCREMENT=5 DEFAULT CHARSET=utf8;

--
-- Dumping data for table `preco_propina`
--

/*!40000 ALTER TABLE `preco_propina` DISABLE KEYS */;
INSERT INTO `preco_propina` (`pk_preco_propina`,`valor`,`data`,`hora`,`fk_usuario`,`fk_curso`,`fk_classe`) VALUES 
 (4,30000,'2018-04-04','09:19:00',1,3,1);
/*!40000 ALTER TABLE `preco_propina` ENABLE KEYS */;


--
-- Definition of table `professor`
--

DROP TABLE IF EXISTS `professor`;
CREATE TABLE `professor` (
  `pk_professor` int(11) NOT NULL AUTO_INCREMENT,
  `nomeCompleto` varchar(70) NOT NULL,
  `email` varchar(70) NOT NULL,
  `telefone` varchar(70) NOT NULL,
  PRIMARY KEY (`pk_professor`)
) ENGINE=InnoDB DEFAULT CHARSET=latin1;

--
-- Dumping data for table `professor`
--

/*!40000 ALTER TABLE `professor` DISABLE KEYS */;
/*!40000 ALTER TABLE `professor` ENABLE KEYS */;


--
-- Definition of table `propina`
--

DROP TABLE IF EXISTS `propina`;
CREATE TABLE `propina` (
  `pk_propina` int(11) NOT NULL AUTO_INCREMENT,
  `fk_recibo_propina` int(11) NOT NULL,
  `fk_mes` int(11) NOT NULL,
  `fk_preco_propina` int(11) NOT NULL,
  `desconto` double DEFAULT NULL,
  `multa` double DEFAULT NULL,
  PRIMARY KEY (`pk_propina`),
  KEY `fk_propina_recibo_propina1_idx` (`fk_recibo_propina`),
  KEY `fk_propina_mes1_idx` (`fk_mes`),
  KEY `fk_propina_preco_propina1_idx` (`fk_preco_propina`),
  CONSTRAINT `fk_propina_mes1` FOREIGN KEY (`fk_mes`) REFERENCES `mes` (`pk_mes`) ON DELETE NO ACTION ON UPDATE NO ACTION,
  CONSTRAINT `fk_propina_preco_propina1` FOREIGN KEY (`fk_preco_propina`) REFERENCES `preco_propina` (`pk_preco_propina`) ON DELETE NO ACTION ON UPDATE NO ACTION,
  CONSTRAINT `fk_propina_recibo_propina1` FOREIGN KEY (`fk_recibo_propina`) REFERENCES `recibo_propina` (`pk_recibo_propina`) ON DELETE NO ACTION ON UPDATE NO ACTION
) ENGINE=InnoDB AUTO_INCREMENT=15 DEFAULT CHARSET=utf8;

--
-- Dumping data for table `propina`
--

/*!40000 ALTER TABLE `propina` DISABLE KEYS */;
INSERT INTO `propina` (`pk_propina`,`fk_recibo_propina`,`fk_mes`,`fk_preco_propina`,`desconto`,`multa`) VALUES 
 (1,7,1,4,NULL,NULL),
 (2,8,1,4,NULL,NULL),
 (3,8,2,4,NULL,NULL),
 (4,9,1,4,NULL,NULL),
 (5,9,2,4,NULL,NULL),
 (6,10,1,4,NULL,NULL),
 (7,11,1,4,NULL,NULL),
 (8,12,1,4,NULL,NULL),
 (9,13,1,4,NULL,NULL),
 (10,14,1,4,NULL,NULL),
 (11,15,1,4,NULL,NULL),
 (12,15,2,4,NULL,NULL),
 (13,15,3,4,NULL,NULL),
 (14,15,4,4,NULL,NULL);
/*!40000 ALTER TABLE `propina` ENABLE KEYS */;


--
-- Definition of table `recibo_propina`
--

DROP TABLE IF EXISTS `recibo_propina`;
CREATE TABLE `recibo_propina` (
  `pk_recibo_propina` int(11) NOT NULL AUTO_INCREMENT,
  `data` date DEFAULT NULL,
  `hora` time DEFAULT NULL,
  `total` double DEFAULT NULL,
  `fk_estudante` int(11) NOT NULL,
  `fk_usuario` int(11) NOT NULL,
  `fk_formaPagamento` int(11) NOT NULL,
  `num_bolderoux` varchar(200) DEFAULT NULL,
  `obs` varchar(200) DEFAULT NULL,
  `multa` double DEFAULT NULL,
  `desconto` double DEFAULT NULL,
  `troco` double DEFAULT NULL,
  PRIMARY KEY (`pk_recibo_propina`),
  KEY `fk_recibo_propina_estudante1_idx` (`fk_estudante`),
  KEY `fk_recibo_propina_usuario1_idx` (`fk_usuario`),
  KEY `Fk_formaPagamento` (`fk_formaPagamento`),
  CONSTRAINT `Fk_formaPagamento` FOREIGN KEY (`fk_formaPagamento`) REFERENCES `forma_pagamento` (`pk_formaPagamento`) ON DELETE NO ACTION ON UPDATE NO ACTION,
  CONSTRAINT `fk_recibo_propina_estudante1` FOREIGN KEY (`fk_estudante`) REFERENCES `estudante` (`pk_estudante`) ON DELETE NO ACTION ON UPDATE NO ACTION,
  CONSTRAINT `fk_recibo_propina_usuario1` FOREIGN KEY (`fk_usuario`) REFERENCES `usuario` (`pk_usuario`) ON DELETE NO ACTION ON UPDATE NO ACTION
) ENGINE=InnoDB AUTO_INCREMENT=16 DEFAULT CHARSET=utf8;

--
-- Dumping data for table `recibo_propina`
--

/*!40000 ALTER TABLE `recibo_propina` DISABLE KEYS */;
INSERT INTO `recibo_propina` (`pk_recibo_propina`,`data`,`hora`,`total`,`fk_estudante`,`fk_usuario`,`fk_formaPagamento`,`num_bolderoux`,`obs`,`multa`,`desconto`,`troco`) VALUES 
 (1,'2018-05-31','14:40:26',2000,1,1,1,'','',0,0,0),
 (2,'2018-06-05','12:46:23',2000,1,1,1,'','',0,0,0),
 (3,'2018-06-05','12:47:03',6000,1,1,1,'575757','',0,0,54000),
 (4,'2018-06-05','12:47:11',6000,1,1,1,'575757','cgvc',0,0,54000),
 (5,'2018-06-05','13:14:08',2000,1,1,1,'456456','dfghj',0,0,0),
 (6,'2018-06-11','09:15:24',0,4,1,1,'989o','dgdh',0,0,40000),
 (7,'2018-06-11','09:21:47',30000,4,1,1,'5768','sdfgnh',0,0,0),
 (8,'2018-06-11','11:52:45',90000,4,1,1,'990281404','dfgjgdfgn',0,0,0),
 (9,'2018-06-14','10:42:20',90000,3,1,1,'fgh7','zvb',0,0,0),
 (10,'2018-06-14','10:46:30',30000,3,1,1,'cvh78','dfgh',0,0,0),
 (11,'2018-06-14','12:42:01',30000,3,1,1,'dfgh779','dgfh',0,0,10000),
 (12,'2018-06-14','12:44:03',30000,3,1,1,'dfg5','dfg',0,0,370000),
 (13,'2018-06-14','14:16:07',30000,3,1,1,'zxcvb6','sfd',0,0,6970000),
 (14,'2018-06-14','14:20:25',30000,3,1,1,'fg45646','sdfgdfh',0,0,3000),
 (15,'2018-06-14','14:51:49',570000,4,1,1,'4545gb','sf',0,0,5100000);
/*!40000 ALTER TABLE `recibo_propina` ENABLE KEYS */;


--
-- Definition of table `sala`
--

DROP TABLE IF EXISTS `sala`;
CREATE TABLE `sala` (
  `pk_sala` int(11) NOT NULL AUTO_INCREMENT,
  `designacao` varchar(45) DEFAULT NULL,
  PRIMARY KEY (`pk_sala`)
) ENGINE=InnoDB AUTO_INCREMENT=2 DEFAULT CHARSET=utf8;

--
-- Dumping data for table `sala`
--

/*!40000 ALTER TABLE `sala` DISABLE KEYS */;
INSERT INTO `sala` (`pk_sala`,`designacao`) VALUES 
 (1,'SALA1');
/*!40000 ALTER TABLE `sala` ENABLE KEYS */;


--
-- Definition of table `semestre`
--

DROP TABLE IF EXISTS `semestre`;
CREATE TABLE `semestre` (
  `pk_semestre` int(11) NOT NULL AUTO_INCREMENT,
  `designacao` varchar(50) DEFAULT NULL,
  PRIMARY KEY (`pk_semestre`)
) ENGINE=InnoDB AUTO_INCREMENT=2 DEFAULT CHARSET=utf8;

--
-- Dumping data for table `semestre`
--

/*!40000 ALTER TABLE `semestre` DISABLE KEYS */;
INSERT INTO `semestre` (`pk_semestre`,`designacao`) VALUES 
 (1,'I SEMESTREE');
/*!40000 ALTER TABLE `semestre` ENABLE KEYS */;


--
-- Definition of table `sexo`
--

DROP TABLE IF EXISTS `sexo`;
CREATE TABLE `sexo` (
  `pk_sexo` int(11) NOT NULL AUTO_INCREMENT,
  `designacao` varchar(45) DEFAULT NULL,
  PRIMARY KEY (`pk_sexo`)
) ENGINE=InnoDB AUTO_INCREMENT=3 DEFAULT CHARSET=utf8;

--
-- Dumping data for table `sexo`
--

/*!40000 ALTER TABLE `sexo` DISABLE KEYS */;
INSERT INTO `sexo` (`pk_sexo`,`designacao`) VALUES 
 (1,'Masculino'),
 (2,'Feminino');
/*!40000 ALTER TABLE `sexo` ENABLE KEYS */;


--
-- Definition of table `tipo_confirmacao`
--

DROP TABLE IF EXISTS `tipo_confirmacao`;
CREATE TABLE `tipo_confirmacao` (
  `pk_tipo_confirmacao` int(11) NOT NULL AUTO_INCREMENT,
  `designacao` varchar(50) DEFAULT NULL,
  PRIMARY KEY (`pk_tipo_confirmacao`)
) ENGINE=InnoDB AUTO_INCREMENT=3 DEFAULT CHARSET=utf8;

--
-- Dumping data for table `tipo_confirmacao`
--

/*!40000 ALTER TABLE `tipo_confirmacao` DISABLE KEYS */;
INSERT INTO `tipo_confirmacao` (`pk_tipo_confirmacao`,`designacao`) VALUES 
 (1,'MATRICULA'),
 (2,'CONFIRMAÇÃO');
/*!40000 ALTER TABLE `tipo_confirmacao` ENABLE KEYS */;


--
-- Definition of table `tipo_nota`
--

DROP TABLE IF EXISTS `tipo_nota`;
CREATE TABLE `tipo_nota` (
  `pk_tipo_nota` int(11) NOT NULL,
  `designacao` varchar(100) DEFAULT NULL,
  PRIMARY KEY (`pk_tipo_nota`)
) ENGINE=InnoDB DEFAULT CHARSET=utf8;

--
-- Dumping data for table `tipo_nota`
--

/*!40000 ALTER TABLE `tipo_nota` DISABLE KEYS */;
/*!40000 ALTER TABLE `tipo_nota` ENABLE KEYS */;


--
-- Definition of table `turma`
--

DROP TABLE IF EXISTS `turma`;
CREATE TABLE `turma` (
  `pk_turma` int(11) NOT NULL AUTO_INCREMENT,
  `designacao` varchar(45) DEFAULT NULL,
  `fk_sala` int(11) NOT NULL,
  `fk_turno` int(11) NOT NULL,
  `fk_classe` int(11) NOT NULL,
  `fk_ano_lectivo` int(11) NOT NULL,
  `fk_curso` int(11) NOT NULL,
  PRIMARY KEY (`pk_turma`),
  KEY `fk_turma_sala_idx` (`fk_sala`),
  KEY `fk_turma_turno1_idx` (`fk_turno`),
  KEY `fk_turma_classe1_idx` (`fk_classe`),
  KEY `fk_turma_ano_lectivo1_idx` (`fk_ano_lectivo`),
  KEY `fk_turma_curso1_idx` (`fk_curso`),
  CONSTRAINT `fk_turma_ano_lectivo1` FOREIGN KEY (`fk_ano_lectivo`) REFERENCES `ano_lectivo` (`pk_ano_lectivo`) ON DELETE NO ACTION ON UPDATE NO ACTION,
  CONSTRAINT `fk_turma_classe1` FOREIGN KEY (`fk_classe`) REFERENCES `classe` (`pk_classe`) ON DELETE NO ACTION ON UPDATE NO ACTION,
  CONSTRAINT `fk_turma_curso1` FOREIGN KEY (`fk_curso`) REFERENCES `curso` (`pk_curso`) ON DELETE NO ACTION ON UPDATE NO ACTION,
  CONSTRAINT `fk_turma_sala` FOREIGN KEY (`fk_sala`) REFERENCES `sala` (`pk_sala`) ON DELETE NO ACTION ON UPDATE NO ACTION,
  CONSTRAINT `fk_turma_turno1` FOREIGN KEY (`fk_turno`) REFERENCES `turno` (`pk_turno`) ON DELETE NO ACTION ON UPDATE NO ACTION
) ENGINE=InnoDB AUTO_INCREMENT=7 DEFAULT CHARSET=utf8;

--
-- Dumping data for table `turma`
--

/*!40000 ALTER TABLE `turma` DISABLE KEYS */;
INSERT INTO `turma` (`pk_turma`,`designacao`,`fk_sala`,`fk_turno`,`fk_classe`,`fk_ano_lectivo`,`fk_curso`) VALUES 
 (6,'AO1',1,1,1,1,3);
/*!40000 ALTER TABLE `turma` ENABLE KEYS */;


--
-- Definition of table `turno`
--

DROP TABLE IF EXISTS `turno`;
CREATE TABLE `turno` (
  `pk_turno` int(11) NOT NULL AUTO_INCREMENT,
  `designacao` varchar(45) DEFAULT NULL,
  PRIMARY KEY (`pk_turno`)
) ENGINE=InnoDB AUTO_INCREMENT=4 DEFAULT CHARSET=utf8;

--
-- Dumping data for table `turno`
--

/*!40000 ALTER TABLE `turno` DISABLE KEYS */;
INSERT INTO `turno` (`pk_turno`,`designacao`) VALUES 
 (1,'Manhã'),
 (2,'Tarde'),
 (3,'Noite');
/*!40000 ALTER TABLE `turno` ENABLE KEYS */;


--
-- Definition of table `usuario`
--

DROP TABLE IF EXISTS `usuario`;
CREATE TABLE `usuario` (
  `pk_usuario` int(11) NOT NULL AUTO_INCREMENT,
  `nome_completo` varchar(100) DEFAULT NULL,
  `user` varchar(100) DEFAULT NULL,
  `senha` varchar(50) DEFAULT NULL,
  PRIMARY KEY (`pk_usuario`)
) ENGINE=InnoDB AUTO_INCREMENT=2 DEFAULT CHARSET=utf8;

--
-- Dumping data for table `usuario`
--

/*!40000 ALTER TABLE `usuario` DISABLE KEYS */;
INSERT INTO `usuario` (`pk_usuario`,`nome_completo`,`user`,`senha`) VALUES 
 (1,'Necia Caculo','Administrador1','Eng90x?');
/*!40000 ALTER TABLE `usuario` ENABLE KEYS */;




/*!40101 SET SQL_MODE=@OLD_SQL_MODE */;
/*!40014 SET FOREIGN_KEY_CHECKS=@OLD_FOREIGN_KEY_CHECKS */;
/*!40014 SET UNIQUE_CHECKS=@OLD_UNIQUE_CHECKS */;
/*!40101 SET CHARACTER_SET_CLIENT=@OLD_CHARACTER_SET_CLIENT */;
/*!40101 SET CHARACTER_SET_RESULTS=@OLD_CHARACTER_SET_RESULTS */;
/*!40101 SET COLLATION_CONNECTION=@OLD_COLLATION_CONNECTION */;
/*!40101 SET CHARACTER_SET_CLIENT=@OLD_CHARACTER_SET_CLIENT */;
